Accession	STD Annot.	Curated Loc.
AT1G01080.1	RNA-binding (RRM/RBD/RNP motifs) family protein	plastid stroma
AT1G01080.2	RNA-binding (RRM/RBD/RNP motifs) family protein	plastid stroma
AT1G01090.1	pyruvate dehydrogenase E1 alpha	envelope-inner-peripheral-stromal-side
AT1G01790.1	K+ efflux antiporter 1	envelope-inner-integral
AT1G01860.1	Ribosomal RNA adenine dimethylase family protein	plastid
AT1G02150.1	Tetratricopeptide repeat (TPR)-like superfamily protein	plastid
AT1G02280.1	translocon at the outer envelope membrane of chloroplasts 33	envelope-outer-integral
AT1G02280.2	translocon at the outer envelope membrane of chloroplasts 33	envelope-outer-integral
AT1G02560.1	nuclear encoded CLP protease 5	plastid stroma
AT1G02660.1	alpha/beta-Hydrolases superfamily protein	plastid
AT1G02910.1	tetratricopeptide repeat (TPR)-containing protein	thylakoid-integral
AT1G03030.1	P-loop containing nucleoside triphosphate hydrolases superfamily protein	plastid stroma
AT1G03055.1	beta-carotene isomerase D27-like protein	plastid
AT1G03055.2	beta-carotene isomerase D27-like protein	plastid
AT1G03130.1	photosystem I subunit D-2	thylakoid-peripheral-stromal-side
AT1G03160.1	FZO-like protein	envelope-inner-integral; thylakoid-integral
AT1G03160.2	FZO-like protein	envelope-inner-integral; thylakoid-integral
AT1G03310.1	debranching enzyme 1	plastid
AT1G03310.2	debranching enzyme 1	plastid
AT1G03475.1	Coproporphyrinogen III oxidase	plastid stroma
AT1G03600.1	photosystem II family protein	thylakoid-peripheral-lumenal-side
AT1G03630.1	protochlorophyllide oxidoreductase C	thylakoid-peripheral-stromal-side
AT1G03630.2	protochlorophyllide oxidoreductase C	thylakoid-peripheral-stromal-side
AT1G03680.1	thioredoxin M-type 1	thylakoid-peripheral-stromal-side
AT1G04420.1	NAD(P)-linked oxidoreductase superfamily protein	plastid stroma
AT1G04620.1	coenzyme F420 hydrogenase family / dehydrogenase%2C beta subunit family	plastid
AT1G04940.1	translocon at the inner envelope membrane of chloroplasts 20	envelope-inner-integral
AT1G05140.1	Peptidase M50 family protein	plastid
AT1G05190.1	Ribosomal protein L6 family	plastid ribosome
AT1G05385.1	photosystem II 11 kDa protein-like protein	thylakoid-peripheral-lumenal-side
AT1G05580.1	cation/H+ exchanger 23	envelope-inner
AT1G05580.2	cation/H+ exchanger 23	envelope-inner
AT1G05750.1	Tetratricopeptide repeat (TPR)-like superfamily protein	plastid
AT1G05800.1	alpha/beta-Hydrolases superfamily protein	plastid
AT1G05900.1	endonuclease III 2	plastid nucleoid
AT1G05900.2	endonuclease III 2	plastid nucleoid
AT1G06080.1	delta 9 desaturase 1	plastid
AT1G06130.1	glyoxalase 2-4	plastid stroma
AT1G06130.2	glyoxalase 2-4	plastid stroma
AT1G06190.1	Rho termination factor	plastid nucleoid
AT1G06190.2	Rho termination factor	plastid nucleoid
AT1G06380.1	Ribosomal protein L1p/L10e family	plastid stroma
AT1G06430.1	FTSH protease 8	thylakoid-integral
AT1G06680.1	photosystem II subunit P-1	thylakoid-peripheral-lumenal-side
AT1G06680.2	photosystem II subunit P-1	thylakoid-peripheral-lumenal-side
AT1G06690.1	NAD(P)-linked oxidoreductase superfamily protein	plastoglobules
AT1G06730.1	pfkB-like carbohydrate kinase family protein	plastid
AT1G06800.1	alpha/beta-Hydrolases superfamily protein	plastid
AT1G06800.2	alpha/beta-Hydrolases superfamily protein	plastid
AT1G06820.1	carotenoid isomerase	plastid
AT1G06870.1	Peptidase S24/S26A/S26B/S26C family protein	envelope-inner; thylakoid-peripheral-lumenal-side
AT1G06950.1	translocon at the inner envelope membrane of chloroplasts 110	envelope-inner-integral
AT1G07010.1	Calcineurin-like metallo-phosphoesterase superfamily protein	plastid
AT1G07010.2	Calcineurin-like metallo-phosphoesterase superfamily protein	plastid
AT1G07010.3	Calcineurin-like metallo-phosphoesterase superfamily protein	plastid
AT1G07160.1	Protein phosphatase 2C family protein	plastid
AT1G07320.1	ribosomal protein L4	plastid ribosome
AT1G07320.2	ribosomal protein L4	plastid ribosome
AT1G07320.3	ribosomal protein L4	plastid ribosome
AT1G07320.4	ribosomal protein L4	plastid ribosome
AT1G07700.1	Thioredoxin superfamily protein	plastid stroma
AT1G07700.2	Thioredoxin superfamily protein	plastid stroma
AT1G07700.3	Thioredoxin superfamily protein	plastid stroma
AT1G07780.1	phosphoribosylanthranilate isomerase 1	plastid stroma
AT1G07780.2	phosphoribosylanthranilate isomerase 1	plastid stroma
AT1G07780.3	phosphoribosylanthranilate isomerase 1	plastid stroma
AT1G07780.4	phosphoribosylanthranilate isomerase 1	plastid stroma
AT1G07780.5	phosphoribosylanthranilate isomerase 1	plastid stroma
AT1G08070.1	Tetratricopeptide repeat (TPR)-like superfamily protein	plastid
AT1G08250.1	arogenate dehydratase 6	plastid stroma
AT1G08380.1	photosystem I subunit O	thylakoid-integral
AT1G08490.1	chloroplastic NIFS-like cysteine desulfurase	plastid stroma
AT1G08510.1	fatty acyl-ACP thioesterases B	plastid
AT1G08520.1	ALBINA 1	plastid
AT1G08540.1	RNApolymerase sigma subunit 2	plastid stroma
AT1G08550.1	non-photochemical quenching 1	thylakoid-peripheral-lumenal-side
AT1G08550.2	non-photochemical quenching 1	thylakoid-peripheral-stromal-side
AT1G08570.1	atypical CYS HIS rich thioredoxin 4	plastid
AT1G08570.2	atypical CYS HIS rich thioredoxin 4	plastid
AT1G08570.3	atypical CYS HIS rich thioredoxin 4	plastid
AT1G08570.4	atypical CYS HIS rich thioredoxin 4	plastid
AT1G08640.1	Chloroplast J-like domain 1	envelope-inner-integral
AT1G09130.1	ATP-dependent caseinolytic (Clp) protease/crotonase family protein	plastid stroma
AT1G09130.2	ATP-dependent caseinolytic (Clp) protease/crotonase family protein	plastid stroma
AT1G09130.3	ATP-dependent caseinolytic (Clp) protease/crotonase family protein	plastid stroma
AT1G09340.1	chloroplast RNA binding protein	cytosol; plastid stroma
AT1G09795.1	ATP phosphoribosyl transferase 2	plastid stroma
AT1G09830.1	Glycinamide ribonucleotide (GAR) synthetase	plastid stroma
AT1G09940.1	Glutamyl-tRNA reductase family protein	plastid
AT1G10310.1	NAD(P)-binding Rossmann-fold superfamily protein	plastid stroma
AT1G10500.1	chloroplast-localized ISCA-like protein	plastid stroma
AT1G10510.1	RNI-like superfamily protein	plastid
AT1G10522.1	Serine/Threonine-kinase	plastid nucleoid
AT1G10522.2	Serine/Threonine-kinase	plastid nucleoid
AT1G10760.1	Pyruvate phosphate dikinase%2C PEP/pyruvate binding domain-containing protein	plastid stroma
AT1G10830.1	15-cis-zeta-carotene isomerase	plastid
AT1G10830.2	15-cis-zeta-carotene isomerase	plastid
AT1G10910.1	Pentatricopeptide repeat (PPR) superfamily protein	plastid
AT1G10960.1	ferredoxin 1	thylakoid-peripheral-stromal-side
AT1G11290.1	Pentatricopeptide repeat (PPR) superfamily protein	plastid
AT1G11320.1	GDSL esterase/lipase	plastid
AT1G11430.1	plastid developmental protein DAG	plastid stroma
AT1G11720.1	starch synthase 3	plastid stroma
AT1G11720.2	starch synthase 3	plastid stroma
AT1G11750.1	CLP protease proteolytic subunit 6	plastid stroma
AT1G11750.2	CLP protease proteolytic subunit 6	plastid stroma
AT1G11790.1	arogenate dehydratase 1	plastid stroma
AT1G11790.2	arogenate dehydratase 1	plastid stroma
AT1G11870.1	Seryl-tRNA synthetase	mitochondria; plastid stroma
AT1G11870.2	Seryl-tRNA synthetase	mitochondria; plastid stroma
AT1G11870.3	Seryl-tRNA synthetase	mitochondria; plastid stroma
AT1G12230.1	Aldolase superfamily protein	plastid stroma
AT1G12230.2	Aldolase superfamily protein	plastid stroma
AT1G12250.1	Pentapeptide repeat-containing protein	thylakoid-peripheral-lumenal-side
AT1G12250.2	Pentapeptide repeat-containing protein	thylakoid-peripheral-lumenal-side
AT1G12410.1	CLP protease proteolytic subunit 2	plastid stroma
AT1G12520.1	copper chaperone for SOD1	plastid stroma
AT1G12520.2	copper chaperone for SOD1	plastid stroma
AT1G12520.3	copper chaperone for SOD1	plastid stroma
AT1G12770.1	P-loop containing nucleoside triphosphate hydrolases superfamily protein	plastid nucleoid
AT1G12800.1	Nucleic acid-binding%2C OB-fold-like protein	plastid stroma
AT1G12900.1	glyceraldehyde 3-phosphate dehydrogenase A subunit 2	plastid stroma
AT1G12900.2	glyceraldehyde 3-phosphate dehydrogenase A subunit 2	plastid stroma
AT1G12900.3	glyceraldehyde 3-phosphate dehydrogenase A subunit 2	plastid stroma
AT1G12900.4	glyceraldehyde 3-phosphate dehydrogenase A subunit 2	plastid stroma
AT1G13270.1	methionine aminopeptidase 1B	mitochondria; plastid stroma
AT1G13270.2	methionine aminopeptidase 1B	mitochondria; plastid stroma
AT1G13280.1	allene oxide cyclase 4	plastid stroma
AT1G13900.1	Purple acid phosphatases superfamily protein	envelope-outer; mitochondria
AT1G14030.1	Rubisco methyltransferase family protein	plastid stroma
AT1G14150.1	PsbQ-like 2	thylakoid-peripheral-lumenal-side
AT1G14150.2	PsbQ-like 2	thylakoid-peripheral-lumenal-side
AT1G14270.1	CAAX amino terminal protease family protein	mitochondria; plastid
AT1G14270.2	CAAX amino terminal protease family protein	mitochondria; plastid
AT1G14270.3	CAAX amino terminal protease family protein	mitochondria; plastid
AT1G14270.4	CAAX amino terminal protease family protein	mitochondria; plastid
AT1G14345.1	NAD(P)-linked oxidoreductase superfamily protein	thylakoid-integral
AT1G14410.1	ssDNA-binding transcriptional regulator	plastid stroma
AT1G14810.1	semialdehyde dehydrogenase family protein	plastid stroma
AT1G14830.1	DYNAMIN-like 1C	thylakoid-peripheral-stromal-side
AT1G15060.1	alpha/beta hydrolase family protein	plastid stroma
AT1G15140.1	FAD/NAD(P)-binding oxidoreductase	plastid stroma
AT1G15140.2	FAD/NAD(P)-binding oxidoreductase	plastid stroma
AT1G15140.3	FAD/NAD(P)-binding oxidoreductase	plastid stroma
AT1G15390.1	peptide deformylase 1A	mitochondria; plastid
AT1G15410.1	aspartate-glutamate racemase family	plastid stroma
AT1G15500.1	TLC ATP/ADP transporter	envelope-inner-integral
AT1G15510.1	Tetratricopeptide repeat (TPR)-like superfamily protein	plastid stroma
AT1G15700.1	ATPase%2C F1 complex%2C gamma subunit protein	plastid
AT1G15710.1	prephenate dehydrogenase family protein	plastid stroma
AT1G15730.1	Cobalamin biosynthesis CobW-like protein	plastid
AT1G15820.1	light harvesting complex photosystem II subunit 6	thylakoid-integral
AT1G15980.1	NDH-dependent cyclic electron flow 1	thylakoid
AT1G16080.1	nuclear protein	plastid stroma
AT1G16300.1	glyceraldehyde-3-phosphate dehydrogenase of plastid 2	plastid stroma
AT1G16720.1	high chlorophyll fluorescence phenotype 173	plastid stroma
AT1G16790.1	ribosomal protein-like protein	plastid
AT1G16880.1	uridylyltransferase-like protein	plastid stroma; thylakoid-peripheral-stromal-side
AT1G16880.2	uridylyltransferase-like protein	plastid stroma; thylakoid-peripheral-stromal-side
AT1G17050.1	solanesyl diphosphate synthase 2	plastid stroma
AT1G17160.1	pfkB-like carbohydrate kinase family protein	plastid stroma
AT1G17160.2	pfkB-like carbohydrate kinase family protein	plastid stroma
AT1G17220.1	Translation initiation factor 2%2C small GTP-binding protein	plastid stroma
AT1G17420.1	lipoxygenase 3	plastoglobules
AT1G17650.1	glyoxylate reductase 2	plastid stroma
AT1G17745.1	D-3-phosphoglycerate dehydrogenase	plastid stroma
AT1G17745.2	D-3-phosphoglycerate dehydrogenase	plastid stroma
AT1G17870.1	ethylene-dependent gravitropism-deficient and yellow-green-like 3	thylakoid
AT1G18060.1	microbial collagenase	thylakoid-peripheral-stromal-side
AT1G18170.1	FKBP-like peptidyl-prolyl cis-trans isomerase family protein	thylakoid-peripheral-lumenal-side
AT1G18440.1	Peptidyl-tRNA hydrolase family protein	plastid nucleoid
AT1G18500.1	methylthioalkylmalate synthase-like 4	plastid stroma
AT1G18640.2	3-phosphoserine phosphatase	plastid
AT1G18730.1	NDH dependent flow 6	thylakoid-integral
AT1G18730.2	NDH dependent flow 6	thylakoid-integral
AT1G18730.3	NDH dependent flow 6	thylakoid-integral
AT1G18730.4	NDH dependent flow 6	thylakoid-integral
AT1G18870.1	isochorismate synthase 2	plastid
AT1G19150.1	PSI type II chlorophyll a/b-binding protein (Lhca2-1)	thylakoid-integral
AT1G19600.1	pfkB-like carbohydrate kinase family protein	plastid
AT1G19660.1	Wound-responsive family protein	plastid
AT1G19660.2	Wound-responsive family protein	plastid
AT1G19690.1	NAD(P)-binding Rossmann-fold superfamily protein	plastid stroma
AT1G19720.1	Pentatricopeptide repeat (PPR-like) superfamily protein	plastid
AT1G19740.1	ATP-dependent protease La (LON) domain protein	plastid
AT1G19800.1	trigalactosyldiacylglycerol 1	envelope-inner-integral
AT1G19800.2	trigalactosyldiacylglycerol 1	envelope-inner-integral
AT1G19800.3	trigalactosyldiacylglycerol 1	envelope-inner-integral
AT1G19920.1	Pseudouridine synthase/archaeosine transglycosylase-like family protein	cytosol; plastid
AT1G20020.1	ferredoxin-NADP[+]-oxidoreductase 2	thylakoid-peripheral-stromal-side
AT1G20020.2	ferredoxin-NADP[+]-oxidoreductase 2	thylakoid-peripheral-stromal-side
AT1G20020.3	ferredoxin-NADP[+]-oxidoreductase 2	thylakoid-peripheral-stromal-side
AT1G20340.1	Cupredoxin superfamily protein	thylakoid-peripheral-lumenal-side
AT1G20810.1	FKBP-like peptidyl-prolyl cis-trans isomerase family protein	thylakoid-peripheral-lumenal-side
AT1G20830.1	multiple chloroplast division site 1	envelope-inner
AT1G21065.1	secondary thiamine-phosphate synthase enzyme	plastid
AT1G21350.1	Thioredoxin superfamily protein	plastid
AT1G21350.2	Thioredoxin superfamily protein	plastid
AT1G21350.3	Thioredoxin superfamily protein	plastid
AT1G21440.1	Phosphoenolpyruvate carboxylase family protein	plastid stroma
AT1G21600.1	plastid transcriptionally active 6	plastid nucleoid
AT1G21600.2	plastid transcriptionally active 6	plastid nucleoid
AT1G21640.1	NAD kinase 2	plastid stroma
AT1G21640.2	NAD kinase 2	plastid stroma
AT1G21650.1	Preprotein translocase SecA family protein	plastid stroma
AT1G21650.2	Preprotein translocase SecA family protein	plastid stroma
AT1G21650.3	Preprotein translocase SecA family protein	plastid stroma
AT1G22410.1	Class-II DAHP synthetase family protein	plastid
AT1G22660.1	Polynucleotide adenylyltransferase family protein	mitochondria; plastid stroma
AT1G22660.2	Polynucleotide adenylyltransferase family protein	mitochondria; plastid stroma
AT1G22700.1	Tetratricopeptide repeat (TPR)-like superfamily protein	thylakoid-integral
AT1G22700.2	Tetratricopeptide repeat (TPR)-like superfamily protein	thylakoid-integral
AT1G22700.3	Tetratricopeptide repeat (TPR)-like superfamily protein	thylakoid-integral
AT1G22850.1	SNARE associated Golgi protein family	plastid
AT1G22940.1	thiamin biosynthesis protein	mitochondria; plastid
AT1G23180.1	ARM repeat superfamily protein	plastid
AT1G23360.1	S-adenosyl-L-methionine-dependent methyltransferases superfamily protein	plastid
AT1G23360.2	S-adenosyl-L-methionine-dependent methyltransferases superfamily protein	plastid
AT1G23360.3	S-adenosyl-L-methionine-dependent methyltransferases superfamily protein	plastid
AT1G23400.1	RNA-binding CRS1 / YhbY (CRM) domain-containing protein	plastid
AT1G23740.1	Oxidoreductase%2C zinc-binding dehydrogenase family protein	plastid stroma
AT1G24040.1	Acyl-CoA N-acyltransferases (NAT) superfamily protein	plastid
AT1G24040.2	Acyl-CoA N-acyltransferases (NAT) superfamily protein	plastid
AT1G24090.1	RNase H family protein	plastid
AT1G24280.1	glucose-6-phosphate dehydrogenase 3	plastid
AT1G24360.1	NAD(P)-binding Rossmann-fold superfamily protein	plastid stroma
AT1G24490.1	OxaA/YidC-like membrane insertion protein	thylakoid-integral
AT1G24490.2	OxaA/YidC-like membrane insertion protein	thylakoid-integral
AT1G25290.1	RHOMBOID-like protein 10	envelope-inner-integral
AT1G25290.2	RHOMBOID-like protein 10	envelope-inner-integral
AT1G26090.1	P-loop containing nucleoside triphosphate hydrolases superfamily protein	plastid
AT1G26160.1	Metal-dependent phosphohydrolase	plastid stroma
AT1G26220.1	Acyl-CoA N-acyltransferases (NAT) superfamily protein	plastid
AT1G26230.1	TCP-1/cpn60 chaperonin family protein	plastid
AT1G26230.2	TCP-1/cpn60 chaperonin family protein	plastid
AT1G26340.1	cytochrome B5 isoform A	envelope
AT1G27070.1	5'-AMP-activated protein kinase-like protein	plastid
AT1G27510.1	UvrB/UvrC domain protein (DUF3506)	thylakoid
AT1G27680.1	ADPGLC-PPase large subunit	plastid
AT1G28140.1	integral membrane family protein	plastid
AT1G28150.1	hypothetical protein	plastoglobules
AT1G28530.1	deneddylase	plastid
AT1G28530.2	deneddylase	plastid
AT1G29040.1	50S ribosomal protein L34	plastid stroma
AT1G29040.2	50S ribosomal protein L34	plastid stroma
AT1G29040.3	50S ribosomal protein L34	plastid stroma
AT1G29040.4	50S ribosomal protein L34	plastid stroma
AT1G29390.1	cold regulated 314 thylakoid membrane 2	envelope-inner
AT1G29390.2	cold regulated 314 thylakoid membrane 2	envelope-inner
AT1G29395.1	COLD REGULATED 314 INNER MEMBRANE 1	envelope-inner-integral
AT1G29700.1	Metallo-hydrolase/oxidoreductase superfamily protein	plastid
AT1G29900.1	carbamoyl phosphate synthetase B	plastid stroma
AT1G29910.1	chlorophyll A/B binding protein 3	thylakoid-integral
AT1G29920.1	chlorophyll A/B-binding protein 2	thylakoid-integral
AT1G29930.1	chlorophyll A/B binding protein 1	thylakoid-integral
AT1G30100.1	nine-cis-epoxycarotenoid dioxygenase 5	plastid
AT1G30120.1	pyruvate dehydrogenase E1 beta	plastid
AT1G30380.1	photosystem I subunit K	thylakoid-integral
AT1G30510.1	root FNR 2	plastid
AT1G30510.2	root FNR 2	plastid
AT1G30510.3	root FNR 2	plastid
AT1G30520.1	acyl-activating enzyme 14	peroxisome; plastid
AT1G30580.1	GTP binding protein	mitochondria; plastid
AT1G30610.1	pentatricopeptide (PPR) repeat-containing protein	plastid stroma
AT1G30610.2	pentatricopeptide (PPR) repeat-containing protein	plastid stroma
AT1G30680.1	toprim domain-containing protein	mitochondria; plastid
AT1G31160.1	HISTIDINE TRIAD NUCLEOTIDE-BINDING 2	plastid stroma
AT1G31170.1	sulfiredoxin	plastid
AT1G31170.2	sulfiredoxin	plastid
AT1G31170.3	sulfiredoxin	plastid
AT1G31170.4	sulfiredoxin	plastid
AT1G31180.1	isopropylmalate dehydrogenase 3	plastid stroma
AT1G31190.1	myo-inositol monophosphatase like 1	plastid stroma
AT1G31220.1	Formyl transferase	plastid stroma
AT1G31230.1	aspartate kinase-homoserine dehydrogenase i	plastid stroma
AT1G31330.1	photosystem I subunit F	thylakoid-integral
AT1G31410.1	putrescine-binding periplasmic protein-like protein	plastid nucleoid
AT1G31800.1	cytochrome P450%2C family 97%2C subfamily A%2C polypeptide 3	plastid
AT1G31860.1	histidine biosynthesis bifunctional protein (HISIE)	plastid stroma
AT1G32060.1	phosphoribulokinase	plastid stroma
AT1G32070.1	nuclear shuttle interacting	plastid stroma
AT1G32070.2	nuclear shuttle interacting	plastid stroma
AT1G32070.3	nuclear shuttle interacting	plastid stroma; plastid stroma
AT1G32080.1	membrane protein	envelope-inner-integral
AT1G32160.1	beta-casein (DUF760)	plastid
AT1G32200.1	phospholipid/glycerol acyltransferase family protein	plastid stroma
AT1G32200.2	phospholipid/glycerol acyltransferase family protein	plastid stroma
AT1G32220.1	NAD(P)-binding Rossmann-fold superfamily protein	plastoglobules
AT1G32380.1	phosphoribosyl pyrophosphate (PRPP) synthase 2	plastid stroma
AT1G32440.1	plastidial pyruvate kinase 3	plastid stroma
AT1G32500.1	non-intrinsic ABC protein 6	plastid stroma
AT1G32520.1	TLDc domain protein	plastid stroma
AT1G32550.1	2Fe-2S ferredoxin-like superfamily protein	plastid
AT1G32550.2	2Fe-2S ferredoxin-like superfamily protein	plastid
AT1G32900.1	UDP-Glycosyltransferase superfamily protein	plastid stroma
AT1G32990.1	plastid ribosomal protein l11	plastid ribosome
AT1G33265.1	Transmembrane proteins 14C	envelope-inner-integral
AT1G33290.1	P-loop containing nucleoside triphosphate hydrolases superfamily protein	plastid
AT1G33330.1	Class I peptide chain release factor	plastid nucleoid
AT1G33780.1	electron transporter%2C putative (DUF179)	plastid stroma
AT1G33810.1	zinc finger/BTB domain protein	thylakoid
AT1G34000.1	one-helix protein 2	thylakoid-integral
AT1G34430.1	2-oxoacid dehydrogenases acyltransferase family protein	envelope-inner-peripheral-stromal-side
AT1G35250.1	Thioesterase superfamily protein	plastid
AT1G35290.1	Thioesterase superfamily protein	plastid
AT1G35340.1	ATP-dependent protease La (LON) domain protein	plastid stroma
AT1G35340.2	ATP-dependent protease La (LON) domain protein	plastid stroma
AT1G35340.3	ATP-dependent protease La (LON) domain protein	plastid stroma
AT1G35340.4	ATP-dependent protease La (LON) domain protein	plastid stroma
AT1G35420.1	alpha/beta-Hydrolases superfamily protein	plastid stroma
AT1G35420.2	alpha/beta-Hydrolases superfamily protein	plastid stroma
AT1G35680.1	Ribosomal protein L21	plastid ribosome
AT1G36180.1	acetyl-CoA carboxylase 2	plastid
AT1G36180.2	acetyl-CoA carboxylase 2	plastid
AT1G36280.1	L-Aspartase-like family protein	plastid stroma
AT1G36280.2	L-Aspartase-like family protein	plastid stroma
AT1G36390.1	Co-chaperone GrpE family protein	plastid stroma
AT1G36390.2	Co-chaperone GrpE family protein	plastid stroma
AT1G42430.1	inactive purple acid phosphatase-like protein	plastid stroma
AT1G42430.2	inactive purple acid phosphatase-like protein	plastid stroma
AT1G42960.1	inner membrane localized protein	thylakoid
AT1G42970.1	glyceraldehyde-3-phosphate dehydrogenase B subunit	plastid stroma
AT1G43560.1	thioredoxin Y2	plastid stroma
AT1G44000.1	STAY-GREEN-like protein	thylakoid
AT1G44446.1	Pheophorbide a oxygenase family protein with Rieske 2Fe-2S domain-containing protein	envelope-inner; thylakoid
AT1G44446.2	Pheophorbide a oxygenase family protein with Rieske 2Fe-2S domain-containing protein	envelope-inner; thylakoid
AT1G44446.3	Pheophorbide a oxygenase family protein with Rieske 2Fe-2S domain-containing protein	envelope-inner; thylakoid
AT1G44575.1	Chlorophyll A-B binding family protein	thylakoid-integral
AT1G44575.2	Chlorophyll A-B binding family protein	thylakoid-integral
AT1G44920.1	transmembrane protein	plastid
AT1G45170.1	outer envelope pore 24B-like protein	envelope-outer
AT1G45230.1	DCL protein (DUF3223)	plastid
AT1G45230.2	DCL protein (DUF3223)	plastid
AT1G45474.1	photosystem I light harvesting complex protein 5	thylakoid-integral
AT1G45474.2	photosystem I light harvesting complex protein 5	thylakoid-integral
AT1G47840.1	hexokinase 3	plastid
AT1G48350.1	Ribosomal L18p/L5e family protein	plastid ribosome
AT1G48420.1	D-cysteine desulfhydrase	plastid
AT1G48450.1	alanine-tRNA ligase%2C putative (DUF760)	plastid
AT1G48450.2	alanine-tRNA ligase%2C putative (DUF760)	plastid
AT1G48450.3	alanine-tRNA ligase%2C putative (DUF760)	plastid
AT1G48460.1	tRNA-processing ribonuclease BN	envelope
AT1G48520.1	GLU-ADT subunit B	mitochondria; plastid stroma
AT1G48520.2	GLU-ADT subunit B	mitochondria; plastid stroma
AT1G48520.3	GLU-ADT subunit B	mitochondria; plastid stroma
AT1G48650.1	DEA(D/H)-box RNA helicase family protein	plastid
AT1G48650.2	DEA(D/H)-box RNA helicase family protein	plastid
AT1G48850.1	chorismate synthase%2C putative / 5-enolpyruvylshikimate-3-phosphate phospholyase	plastid stroma
AT1G48850.2	chorismate synthase%2C putative / 5-enolpyruvylshikimate-3-phosphate phospholyase	plastid stroma
AT1G48850.3	chorismate synthase%2C putative / 5-enolpyruvylshikimate-3-phosphate phospholyase	plastid stroma
AT1G48860.1	RNA 3'-terminal phosphate cyclase/enolpyruvate transferase%2C alpha/beta	plastid stroma
AT1G48860.2	RNA 3'-terminal phosphate cyclase/enolpyruvate transferase%2C alpha/beta	plastid stroma
AT1G49630.1	presequence protease 2	mitochondria; plastid stroma
AT1G49630.2	presequence protease 2	mitochondria; plastid stroma
AT1G49630.3	presequence protease 2	mitochondria; plastid stroma
AT1G49970.1	CLP protease proteolytic subunit 1	plastid stroma
AT1G50020.1	tubulin alpha-6 chain	plastid
AT1G50170.1	sirohydrochlorin ferrochelatase B	plastid
AT1G50200.1	Alanyl-tRNA synthetase	mitochondria; plastid stroma
AT1G50200.2	Alanyl-tRNA synthetase	mitochondria; plastid stroma
AT1G50250.1	FTSH protease 1	thylakoid-integral
AT1G50320.1	thioredoxin X	plastid stroma
AT1G50450.1	Saccharopine dehydrogenase	plastid
AT1G50840.1	polymerase gamma 2	plastid
AT1G50900.1	Ankyrin repeat family protein	envelope-inner; plastid stroma
AT1G51100.1	potassium/sodium hyperpolarization-activated cyclic nucleotide-gated channel protein	plastid stroma
AT1G51110.1	Plastid-lipid associated protein PAP / fibrillin family protein	thylakoid-peripheral-stromal-side
AT1G51170.1	Protein kinase superfamily protein	plastid
AT1G51400.1	Photosystem II 5 kD protein	thylakoid-integral
AT1G51440.1	alpha/beta-Hydrolases superfamily protein	plastid
AT1G51560.1	Pyridoxamine 5'-phosphate oxidase family protein	plastid stroma
AT1G52220.1	CURVATURE THYLAKOID protein	thylakoid
AT1G52220.2	CURVATURE THYLAKOID protein	thylakoid
AT1G52220.3	CURVATURE THYLAKOID protein	thylakoid
AT1G52230.1	photosystem I subunit H2	thylakoid-integral
AT1G52510.1	alpha/beta-Hydrolases superfamily protein	plastid stroma
AT1G52510.2	alpha/beta-Hydrolases superfamily protein	plastid stroma
AT1G52590.1	Putative thiol-disulfide oxidoreductase DCC	plastoglobules
AT1G52670.1	Single hybrid motif superfamily protein	plastid
AT1G53120.1	RNA-binding S4 domain-containing protein	plastid
AT1G53280.1	Class I glutamine amidotransferase-like superfamily protein	plastid
AT1G53520.1	Chalcone-flavanone isomerase family protein	plastid
AT1G53670.1	methionine sulfoxide reductase B 1	plastid stroma
AT1G53670.2	methionine sulfoxide reductase B 1	plastid stroma
AT1G53800.1	muscle M-line assembly protein	plastid
AT1G54150.1	E3 Ubiquitin ligase family protein	envelope-outer
AT1G54350.1	ABC transporter family protein	plastid
AT1G54500.1	Rubredoxin-like superfamily protein	thylakoid-integral
AT1G54520.1	myelin-associated oligodendrocyte basic protein	plastid
AT1G54570.1	Esterase/lipase/thioesterase family protein	plastoglobules
AT1G54580.1	acyl carrier protein 2	plastid
AT1G54630.1	acyl carrier protein 3	plastid
AT1G54630.2	acyl carrier protein 3	plastid
AT1G54780.1	thylakoid lumen 18.3 kDa protein	thylakoid-peripheral-lumenal-side
AT1G54870.1	NAD(P)-binding Rossmann-fold superfamily protein	plastid
AT1G55040.1	zinc finger (Ran-binding) family protein	mitochondria; plastid
AT1G55140.1	Ribonuclease III family protein	plastid stroma
AT1G55140.2	Ribonuclease III family protein	plastid stroma
AT1G55370.1	NDH-dependent cyclic electron flow 5	thylakoid
AT1G55370.2	NDH-dependent cyclic electron flow 5	thylakoid
AT1G55480.1	protein containing PDZ domain%2C a K-box domain%2C and a TPR region	thylakoid-peripheral-stromal-side
AT1G55490.1	chaperonin 60 beta	plastid stroma
AT1G55490.2	chaperonin 60 beta	plastid stroma
AT1G55670.1	photosystem I subunit G	thylakoid-integral
AT1G55920.1	serine acetyltransferase 2%3B1	plastid
AT1G56050.1	GTP-binding protein-like protein	plastid stroma
AT1G56180.1	ATP-dependent zinc metalloprotease	thylakoid
AT1G56190.1	Phosphoglycerate kinase family protein	plastid stroma
AT1G56190.2	Phosphoglycerate kinase family protein	plastid stroma
AT1G56200.1	embryo defective 1303	plastid
AT1G56200.2	embryo defective 1303	plastid
AT1G56500.1	haloacid dehalogenase-like hydrolase family protein	thylakoid-peripheral-stromal-side
AT1G57770.1	FAD/NAD(P)-binding oxidoreductase family protein	plastid stroma
AT1G58080.1	ATP phosphoribosyl transferase 1	plastid stroma
AT1G58200.1	MSCS-like 3	envelope
AT1G58200.2	MSCS-like 3	envelope
AT1G58290.1	Glutamyl-tRNA reductase family protein	plastid stroma
AT1G58300.1	heme oxygenase 4	plastid
AT1G59560.1	E3 Ubiquitin ligase family protein	envelope-outer
AT1G59720.1	Tetratricopeptide repeat (TPR)-like superfamily protein	plastid stroma
AT1G59840.1	cofactor assembly of complex C	thylakoid-integral
AT1G59840.2	cofactor assembly of complex C	thylakoid-integral
AT1G59990.1	DEA(D/H)-box RNA helicase family protein	plastid
AT1G60000.1	RNA-binding (RRM/RBD/RNP motifs) family protein	plastid stroma
AT1G60000.2	RNA-binding (RRM/RBD/RNP motifs) family protein	plastid stroma
AT1G60550.1	enoyl-CoA hydratase/isomerase D	peroxisome; plastid
AT1G60600.1	UbiA prenyltransferase family protein	plastid
AT1G60600.2	UbiA prenyltransferase family protein	plastid
AT1G60950.1	2Fe-2S ferredoxin-like superfamily protein	thylakoid-peripheral-stromal-side
AT1G60990.1	Glycine cleavage T-protein family	plastid
AT1G60990.2	Glycine cleavage T-protein family	plastid
AT1G60990.3	Glycine cleavage T-protein family	plastid
AT1G61520.1	PSI type III chlorophyll a/b-binding protein	thylakoid-integral
AT1G61520.2	PSI type III chlorophyll a/b-binding protein	thylakoid-integral
AT1G61520.3	PSI type III chlorophyll a/b-binding protein	thylakoid-integral
AT1G61800.1	glucose-6-phosphate/phosphate translocator 2	envelope-inner-integral
AT1G62180.1	5'adenylylphosphosulfate reductase 2	plastid stroma
AT1G62180.2	5'adenylylphosphosulfate reductase 2	plastid stroma
AT1G62640.1	3-ketoacyl-acyl carrier protein synthase III	plastid stroma
AT1G62640.2	3-ketoacyl-acyl carrier protein synthase III	plastid stroma
AT1G62750.1	Translation elongation factor EFG/EF2 protein	plastid stroma
AT1G62780.1	dimethylallyl%2C adenosine tRNA methylthiotransferase	plastid stroma
AT1G62850.2	Class I peptide chain release factor	plastid
AT1G62850.3	Class I peptide chain release factor	plastid
AT1G63610.1	hypothetical protein	plastid
AT1G63610.2	hypothetical protein	plastid
AT1G63680.1	ALBINO OR PALE-GREEN 13	plastid nucleoid
AT1G63770.1	Peptidase M1 family protein	plastid stroma
AT1G63770.2	Peptidase M1 family protein	plastid stroma
AT1G63770.3	Peptidase M1 family protein	plastid stroma
AT1G63770.4	Peptidase M1 family protein	plastid stroma
AT1G63770.5	Peptidase M1 family protein	plastid stroma
AT1G63900.1	E3 Ubiquitin ligase family protein	envelope-outer
AT1G63900.2	E3 Ubiquitin ligase family protein	envelope-outer
AT1G63940.1	monodehydroascorbate reductase 6	mitochondria; plastid stroma
AT1G63940.2	monodehydroascorbate reductase 6	mitochondria; plastid stroma
AT1G63940.3	monodehydroascorbate reductase 6	mitochondria; plastid stroma
AT1G63940.4	monodehydroascorbate reductase 6	mitochondria; plastid stroma
AT1G63970.1	isoprenoid F	plastid stroma
AT1G63970.2	isoprenoid F	plastid stroma
AT1G64150.1	Uncharacterized protein family (UPF0016)	thylakoid-integral
AT1G64190.1	6-phosphogluconate dehydrogenase family protein	plastid stroma
AT1G64510.1	Translation elongation factor EF1B/ribosomal protein S6 family protein	plastid ribosome
AT1G64770.1	NDH-dependent cyclic electron flow 1	thylakoid
AT1G64770.2	NDH-dependent cyclic electron flow 1	thylakoid
AT1G64770.3	NDH-dependent cyclic electron flow 1	thylakoid
AT1G64810.1	APO RNA-binding protein (DUF794)	plastid stroma
AT1G64810.2	APO RNA-binding protein (DUF794)	plastid stroma
AT1G64860.1	sigma factor A	plastid
AT1G64860.2	sigma factor A	plastid
AT1G64970.1	gamma-tocopherol methyltransferase	envelope
AT1G65070.1	DNA mismatch repair protein MutS%2C type 2	plastid nucleoid
AT1G65070.2	DNA mismatch repair protein MutS%2C type 2	plastid nucleoid
AT1G65230.1	transmembrane protein%2C putative (DUF2358)	thylakoid
AT1G65260.1	plastid transcriptionally active 4	envelope-intermembranespace; plastid stroma; thylakoid-peripheral-stromal-side
AT1G65410.1	non-intrinsic ABC protein 11	envelope-inner-peripheral-stromal-side
AT1G65420.1	antigen receptor-like protein (DUF565)	plastid
AT1G65630.1	DegP protease 3	mitochondria; plastid
AT1G66330.1	senescence-associated family protein	plastid
AT1G66330.2	senescence-associated family protein	plastid
AT1G66430.1	pfkB-like carbohydrate kinase family protein	plastid stroma
AT1G66520.1	formyltransferase	plastid
AT1G66670.1	CLP protease proteolytic subunit 3	plastid stroma
AT1G67080.1	abscisic acid (aba)-deficient 4	plastid
AT1G67090.1	ribulose bisphosphate carboxylase small chain 1A	plastid stroma
AT1G67090.2	ribulose bisphosphate carboxylase small chain 1A	plastid stroma
AT1G67280.1	Glyoxalase/Bleomycin resistance protein/Dioxygenase superfamily protein	plastid stroma; thylakoid-peripheral-stromal-side
AT1G67280.2	Glyoxalase/Bleomycin resistance protein/Dioxygenase superfamily protein	plastid stroma; thylakoid-peripheral-stromal-side
AT1G67700.1	multidrug resistance protein	plastid
AT1G67700.2	multidrug resistance protein	plastid
AT1G67700.3	multidrug resistance protein	plastid
AT1G67740.1	photosystem II BY	thylakoid-integral
AT1G67820.1	Protein phosphatase 2C family protein	plastid
AT1G67840.1	chloroplast sensor kinase	plastid stroma
AT1G67840.2	chloroplast sensor kinase	plastid stroma
AT1G68260.1	Thioesterase superfamily protein	plastid
AT1G68280.1	Thioesterase superfamily protein	plastid
AT1G68460.1	isopentenyltransferase 1	plastid
AT1G68570.1	Major facilitator superfamily protein	envelope-inner-integral
AT1G68590.1	Ribosomal protein PSRP-3/Ycf65	plastid ribosome
AT1G68590.2	Ribosomal protein PSRP-3/Ycf65	plastid ribosome
AT1G68660.1	Ribosomal protein L12/ ATP-dependent Clp protease adaptor protein ClpS family protein	plastid stroma
AT1G68660.2	Ribosomal protein L12/ ATP-dependent Clp protease adaptor protein ClpS family protein	plastid stroma
AT1G68720.1	tRNA arginine adenosine deaminase	plastid stroma
AT1G68830.1	Serine/Threonine kinase domain protein	thylakoid-integral
AT1G69200.1	fructokinase-like protein	plastid nucleoid
AT1G69370.1	chorismate mutase 3	plastid stroma
AT1G69390.1	homologue of bacterial MinE 1	envelope-inner; plastid stroma
AT1G69720.1	heme oxygenase 3	plastid
AT1G69740.1	Aldolase superfamily protein	plastid stroma
AT1G69740.2	Aldolase superfamily protein	plastid stroma
AT1G69830.1	alpha-amylase-like 3	plastid stroma
AT1G70070.1	DEAD/DEAH box helicase	plastid stroma
AT1G70200.1	RNA-binding (RRM/RBD/RNP motifs) family protein	plastid stroma
AT1G70570.1	anthranilate phosphoribosyltransferase	plastid stroma
AT1G70570.2	anthranilate phosphoribosyltransferase	plastid stroma
AT1G70610.1	transporter associated with antigen processing protein 1	envelope-inner-integral
AT1G70760.1	inorganic carbon transport protein-like protein	thylakoid-integral
AT1G70820.1	phosphoglucomutase%2C putative / glucose phosphomutase	plastid stroma
AT1G71240.1	chromosome-partitioning protein%2C putative (DUF639)	plastid nucleoid
AT1G71240.2	chromosome-partitioning protein%2C putative (DUF639)	plastid nucleoid
AT1G71460.1	Pentatricopeptide repeat (PPR-like) superfamily protein	plastid
AT1G71480.1	Nuclear transport factor 2 (NTF2) family protein	plastid
AT1G71500.1	Rieske (2Fe-2S) domain-containing protein	thylakoid
AT1G71720.1	Nucleic acid-binding proteins superfamily	plastid nucleoid
AT1G71810.1	Protein kinase superfamily protein	plastoglobules
AT1G71920.1	HISTIDINE BIOSYNTHESIS 6B	plastid stroma
AT1G71920.2	HISTIDINE BIOSYNTHESIS 6B	plastid stroma
AT1G71920.3	HISTIDINE BIOSYNTHESIS 6B	plastid stroma
AT1G72030.1	Acyl-CoA N-acyltransferases (NAT) superfamily protein	plastid
AT1G72520.1	PLAT/LH2 domain-containing lipoxygenase family protein	plastid
AT1G72640.1	NAD(P)-binding Rossmann-fold superfamily protein	plastid
AT1G72640.2	NAD(P)-binding Rossmann-fold superfamily protein	plastid
AT1G72810.1	Pyridoxal-5'-phosphate-dependent enzyme family protein	plastid stroma
AT1G73060.1	Low PSII Accumulation 3	thylakoid-peripheral-stromal-side
AT1G73090.1	WD repeat protein	plastid
AT1G73090.2	WD repeat protein	plastid
AT1G73110.1	P-loop containing nucleoside triphosphate hydrolases superfamily protein	plastid stroma
AT1G73170.1	P-loop containing nucleoside triphosphate hydrolases superfamily protein	plastid stroma
AT1G73170.2	P-loop containing nucleoside triphosphate hydrolases superfamily protein	plastid stroma
AT1G73530.1	RNA-binding (RRM/RBD/RNP motifs) family protein	plastid stroma
AT1G73540.1	nudix hydrolase homolog 21	plastid
AT1G73750.1	alpha/beta hydrolase family protein	plastoglobules
AT1G73885.1	AT-rich interactive domain protein	thylakoid
AT1G73990.1	signal peptide peptidase	thylakoid-integral
AT1G74030.1	enolase 1	plastid stroma
AT1G74040.1	2-isopropylmalate synthase 1	plastid stroma
AT1G74070.1	Cyclophilin-like peptidyl-prolyl cis-trans isomerase family protein	plastid
AT1G74260.1	purine biosynthesis 4	mitochondria; plastid stroma
AT1G74470.1	Pyridine nucleotide-disulfide oxidoreductase family protein	thylakoid
AT1G74640.1	alpha/beta-Hydrolases superfamily protein	plastid
AT1G74710.1	ADC synthase superfamily protein	plastid
AT1G74710.2	ADC synthase superfamily protein	plastid
AT1G74730.1	transmembrane protein%2C putative (DUF1118)	thylakoid
AT1G74850.1	plastid transcriptionally active 2	plastid nucleoid
AT1G74880.1	NAD(P)H:plastoquinone dehydrogenase complex subunit O	thylakoid
AT1G74960.1	fatty acid biosynthesis 1	plastid
AT1G74960.2	fatty acid biosynthesis 1	plastid
AT1G74960.3	fatty acid biosynthesis 1	plastid
AT1G74970.1	ribosomal protein S9	plastid ribosome
AT1G75010.1	GTP binding protein	plastid stroma
AT1G75330.1	ornithine carbamoyltransferase	plastid stroma
AT1G75350.1	Ribosomal protein L31	plastid ribosome
AT1G75380.1	bifunctional nuclease in basal defense response 1	plastid
AT1G75380.2	bifunctional nuclease in basal defense response 1	plastid
AT1G75380.3	bifunctional nuclease in basal defense response 1	plastid
AT1G75460.1	ATP-dependent protease La (LON) domain protein	plastid
AT1G75690.1	DnaJ/Hsp40 cysteine-rich domain superfamily protein	plastid
AT1G76080.1	chloroplastic drought-induced stress protein of 32 kD	plastid stroma
AT1G76100.1	plastocyanin 1	thylakoid-peripheral-lumenal-side
AT1G76405.1	outer envelope pore 21B-like protein	envelope-outer
AT1G76405.2	outer envelope pore 21B-like protein	envelope-outer
AT1G76450.1	Photosystem II reaction center PsbP family protein	thylakoid-peripheral-lumenal-side
AT1G76570.1	Chlorophyll A-B binding family protein	thylakoid-integral
AT1G76730.1	NagB/RpiA/CoA transferase-like superfamily protein	plastid stroma
AT1G76760.1	thioredoxin Y1	plastid stroma
AT1G77060.1	Phosphoenolpyruvate carboxylase family protein	plastid stroma
AT1G77090.1	thylakoid lumenal protein (Mog1/PsbP/DUF1795-like photosystem II reaction center PsbP family protein)	thylakoid-peripheral-lumenal-side
AT1G77122.1	Uncharacterized protein family UPF0090	plastid
AT1G77490.1	thylakoidal ascorbate peroxidase	thylakoid-integral
AT1G77590.1	long chain acyl-CoA synthetase 9	envelope-outer
AT1G78010.1	tRNA modification GTPase	plastid
AT1G78140.1	S-adenosyl-L-methionine-dependent methyltransferases superfamily protein	plastoglobules
AT1G78390.1	nine-cis-epoxycarotenoid dioxygenase 9	plastid
AT1G78510.1	solanesyl diphosphate synthase 1	plastid stroma
AT1G78510.2	solanesyl diphosphate synthase 1	plastid stroma
AT1G78560.1	Sodium Bile acid symporter family	envelope
AT1G78620.1	integral membrane protein (Protein of unknown function DUF92%2C transmembrane)	envelope-inner-integral
AT1G78620.2	integral membrane protein (Protein of unknown function DUF92%2C transmembrane)	envelope-inner-integral
AT1G78630.1	Ribosomal protein L13 family protein	plastid ribosome
AT1G78915.1	Tetratricopeptide repeat (TPR)-like superfamily protein	thylakoid
AT1G78915.2	Tetratricopeptide repeat (TPR)-like superfamily protein	thylakoid
AT1G78915.3	Tetratricopeptide repeat (TPR)-like superfamily protein	thylakoid
AT1G78930.1	Mitochondrial transcription termination factor family protein	plastid
AT1G79040.1	photosystem II subunit R	thylakoid-integral
AT1G79050.1	recA DNA recombination family protein	plastid stroma
AT1G79050.2	recA DNA recombination family protein	plastid stroma
AT1G79080.1	Pentatricopeptide repeat (PPR) superfamily protein	plastid
AT1G79530.1	glyceraldehyde-3-phosphate dehydrogenase of plastid 1	plastid stroma
AT1G79560.1	FTSH protease 12	envelope
AT1G79600.1	Protein kinase superfamily protein	plastoglobules
AT1G79750.1	NADP-malic enzyme 4	plastid
AT1G79790.1	Haloacid dehalogenase-like hydrolase (HAD) superfamily protein	plastid stroma
AT1G79790.2	Haloacid dehalogenase-like hydrolase (HAD) superfamily protein	plastid stroma
AT1G79850.1	ribosomal protein S17	plastid ribosome
AT1G80030.1	Molecular chaperone Hsp40/DnaJ family protein	thylakoid
AT1G80030.2	Molecular chaperone Hsp40/DnaJ family protein	thylakoid
AT1G80030.3	Molecular chaperone Hsp40/DnaJ family protein	thylakoid
AT1G80300.1	nucleotide transporter 1	envelope-inner-integral
AT1G80380.1	P-loop containing nucleoside triphosphate hydrolases superfamily protein	plastid stroma
AT1G80380.2	P-loop containing nucleoside triphosphate hydrolases superfamily protein	plastid stroma
AT1G80380.3	P-loop containing nucleoside triphosphate hydrolases superfamily protein	plastid stroma
AT1G80380.4	P-loop containing nucleoside triphosphate hydrolases superfamily protein	plastid stroma
AT1G80480.1	plastid transcriptionally active 17	plastid stroma
AT1G80560.1	isopropylmalate dehydrogenase 2	plastid stroma
AT1G80600.1	HOPW1-1-interacting 1	plastid stroma
AT1G80770.1	P-loop containing nucleoside triphosphate hydrolases superfamily protein	plastid
AT1G80770.2	P-loop containing nucleoside triphosphate hydrolases superfamily protein	plastid
AT1G80920.1	Chaperone DnaJ-domain superfamily protein	plastid stroma
AT2G01110.1	Sec-independent periplasmic protein translocase	thylakoid-integral
AT2G01140.1	Aldolase superfamily protein	plastid stroma
AT2G01320.1	ABC-2 type transporter family protein	envelope
AT2G01320.2	ABC-2 type transporter family protein	envelope
AT2G01320.3	ABC-2 type transporter family protein	envelope
AT2G01320.4	ABC-2 type transporter family protein	envelope
AT2G01590.1	chlororespiratory reduction 3	thylakoid
AT2G01670.1	nudix hydrolase homolog 17	plastid
AT2G01755.1	hypothetical protein	plastid stroma
AT2G01870.1	transmembrane protein	plastid
AT2G01918.1	PsbQ-like 3	thylakoid-peripheral-lumenal-side
AT2G02500.1	Nucleotide-diphospho-sugar transferases superfamily protein	plastid stroma
AT2G02590.1	small multi-drug export protein	envelope
AT2G02740.1	ssDNA-binding transcriptional regulator	plastid nucleoid
AT2G02740.2	"Encodes a homolog of the potato p24 protein.  It shares the conserved KGKAAL domain, a putative DNA-binding domain, with potato p24 and is localized to the plastid and not the nucleus."	plastid nucleoid
AT2G02980.1	Pentatricopeptide repeat (PPR) superfamily protein	plastid
AT2G03050.1	Mitochondrial transcription termination factor family protein	plastid
AT2G03140.1	alpha/beta-Hydrolases superfamily protein	plastid
AT2G03140.2	alpha/beta-Hydrolases superfamily protein	plastid
AT2G03390.1	uvrB/uvrC motif-containing protein	plastid stroma
AT2G03390.2	uvrB/uvrC motif-containing protein	plastid stroma
AT2G04030.1	Chaperone protein htpG family protein	plastid stroma
AT2G04030.2	Chaperone protein htpG family protein	plastid stroma
AT2G04039.1	DUF2996 family protein	thylakoid
AT2G04039.2	DUF2996 family protein	plastid
AT2G04039.3	DUF2996 family protein	plastid nucleoid
AT2G04270.1	RNAse E/G-like protein	plastid stroma
AT2G04270.2	RNAse E/G-like protein	plastid stroma
AT2G04270.3	RNAse E/G-like protein	plastid stroma
AT2G04270.4	RNAse E/G-like protein	plastid stroma
AT2G04270.5	RNAse E/G-like protein	plastid stroma
AT2G04400.1	Aldolase-type TIM barrel family protein	plastid stroma
AT2G04530.1	Metallo-hydrolase/oxidoreductase superfamily protein	plastid
AT2G04700.1	ferredoxin thioredoxin reductase catalytic beta chain family protein	plastid stroma
AT2G04842.1	threonyl-tRNA synthetase%2C putative / threonine-tRNA ligase	mitochondria; plastid stroma
AT2G05070.1	photosystem II light harvesting complex protein 2.2	thylakoid-integral
AT2G05100.1	photosystem II light harvesting complex protein 2.1	thylakoid-integral
AT2G05620.1	proton gradient regulation 5	thylakoid-peripheral-stromal-side
AT2G05990.1	NAD(P)-binding Rossmann-fold superfamily protein	plastid stroma
AT2G05990.2	NAD(P)-binding Rossmann-fold superfamily protein	plastid stroma
AT2G06520.1	photosystem II subunit X	thylakoid-integral
AT2G10940.1	Bifunctional inhibitor/lipid-transfer protein/seed storage 2S albumin superfamily protein	plastid
AT2G10940.2	Bifunctional inhibitor/lipid-transfer protein/seed storage 2S albumin superfamily protein	plastid
AT2G11810.1	monogalactosyldiacylglycerol synthase type C	envelope-outer
AT2G11810.2	monogalactosyldiacylglycerol synthase type C	envelope-outer
AT2G14750.1	APS kinase	plastid stroma
AT2G14910.1	MAR-binding filament-like protein	plastid
AT2G14910.2	MAR-binding filament-like protein	plastid
AT2G15290.1	translocon at inner membrane of chloroplasts 21	envelope-inner-integral
AT2G15570.1	Thioredoxin superfamily protein	plastid
AT2G15570.2	Thioredoxin superfamily protein	plastid
AT2G15620.1	nitrite reductase 1	plastid stroma
AT2G15690.1	Tetratricopeptide repeat (TPR)-like superfamily protein	mitochondria; plastid
AT2G15820.1	endonuclease	plastid
AT2G16070.1	plastid division2	envelope-outer
AT2G16070.2	plastid division2	envelope-outer
AT2G16500.1	arginine decarboxylase 1	cytosol; plastid
AT2G16640.1	multimeric translocon complex in the outer envelope membrane 132	envelope-outer
AT2G16800.1	high-affinity nickel-transport family protein	plastid
AT2G17240.1	arginine/serine-rich-like splicing factor	plastid stroma
AT2G17265.1	homoserine kinase	plastid
AT2G17695.1	outer envelope protein	envelope
AT2G17695.2	outer envelope protein	envelope
AT2G17695.3	outer envelope protein	envelope
AT2G17730.1	NEP-interacting protein 2	thylakoid
AT2G17730.2	NEP-interacting protein 2	thylakoid
AT2G17750.1	NEP-interacting protein 1	thylakoid
AT2G17972.1	transmembrane protein	thylakoid
AT2G18710.1	SECY homolog 1	thylakoid-integral
AT2G18940.1	Tetratricopeptide repeat (TPR)-like superfamily protein	plastid nucleoid
AT2G18950.1	homogentisate phytyltransferase 1	plastid
AT2G19490.1	recA DNA recombination family protein	mitochondria; plastid stroma
AT2G19870.1	tRNA/rRNA methyltransferase (SpoU) family protein	plastid nucleoid
AT2G19940.1	Putative N-acetyl-gamma-glutamyl-phosphate reductase	plastid stroma
AT2G19940.2	Putative N-acetyl-gamma-glutamyl-phosphate reductase	plastid stroma
AT2G20020.1	RNA-binding CRS1 / YhbY (CRM) domain-containing protein	plastid
AT2G20260.1	photosystem I subunit E-2	thylakoid-peripheral-stromal-side
AT2G20270.1	Thioredoxin superfamily protein	plastid stroma
AT2G20270.2	Thioredoxin superfamily protein	plastid stroma
AT2G20690.1	lumazine-binding family protein	plastid stroma
AT2G20725.1	CAAX amino terminal protease family protein	plastid
AT2G20890.1	photosystem II reaction center PSB29 protein	envelope-inner-peripheral-stromal-side; thylakoid-peripheral-stromal-side
AT2G20920.1	chaperone (DUF3353)	plastid
AT2G21170.1	triosephosphate isomerase	plastid stroma
AT2G21170.2	triosephosphate isomerase	plastid stroma
AT2G21280.1	NAD(P)-binding Rossmann-fold superfamily protein	envelope-inner-peripheral-stromal-side
AT2G21330.1	fructose-bisphosphate aldolase 1	plastid stroma
AT2G21330.2	fructose-bisphosphate aldolase 1	plastid stroma
AT2G21330.3	fructose-bisphosphate aldolase 1	plastid stroma
AT2G21340.1	MATE efflux family protein	envelope
AT2G21340.2	MATE efflux family protein	envelope
AT2G21370.1	xylulose kinase-1	plastid
AT2G21370.2	xylulose kinase-1	plastid
AT2G21385.1	hypothetical protein	mitochondria; plastid stroma
AT2G21385.2	hypothetical protein	mitochondria; plastid stroma
AT2G21385.3	hypothetical protein	mitochondria; plastid stroma
AT2G21385.4	hypothetical protein	mitochondria; plastid stroma
AT2G21530.1	SMAD/FHA domain-containing protein	plastid stroma; thylakoid-peripheral-stromal-side
AT2G21590.1	Glucose-1-phosphate adenylyltransferase family protein	plastid
AT2G21710.1	Mitochondrial transcription termination factor family protein	plastid
AT2G21860.1	violaxanthin de-epoxidase-like protein	plastid
AT2G21960.1	transmembrane protein	plastid
AT2G21970.1	stress enhanced protein 2	thylakoid-integral
AT2G22230.1	Thioesterase superfamily protein	plastid
AT2G22250.1	aspartate aminotransferase	plastid
AT2G22250.2	aspartate aminotransferase	plastid
AT2G22250.3	aspartate aminotransferase	plastid
AT2G22360.1	DNAJ heat shock family protein	thylakoid
AT2G22450.1	riboflavin biosynthesis protein	plastid
AT2G22480.1	phosphofructokinase 5	plastid stroma
AT2G22870.1	P-loop containing nucleoside triphosphate hydrolases superfamily protein	mitochondria; plastid
AT2G23070.1	Protein kinase superfamily protein	plastid
AT2G23390.1	acyl-CoA	plastid
AT2G23670.1	homolog of Synechocystis YCF37	thylakoid
AT2G24020.1	Putative BCR%2C YbaB family COG0718	plastid stroma
AT2G24020.2	Putative BCR%2C YbaB family COG0718	plastid stroma
AT2G24060.1	Translation initiation factor 3 protein	plastid
AT2G24090.1	Ribosomal protein L35	plastid ribosome
AT2G24120.1	DNA/RNA polymerases superfamily protein	plastid
AT2G24120.2	DNA/RNA polymerases superfamily protein	plastid
AT2G24820.1	translocon at the inner envelope membrane of chloroplasts 55-II	envelope-inner-integral
AT2G25080.1	glutathione peroxidase 1	plastid stroma
AT2G25660.1	embryo defective 2410	plastid
AT2G25830.1	YebC-like protein	plastid stroma
AT2G25840.1	Nucleotidylyl transferase superfamily protein	mitochondria; plastid stroma
AT2G25840.2	Nucleotidylyl transferase superfamily protein	mitochondria; plastid stroma
AT2G25840.3	Nucleotidylyl transferase superfamily protein	mitochondria; plastid stroma
AT2G25870.1	haloacid dehalogenase-like hydrolase family protein	plastid
AT2G26310.1	Chalcone-flavanone isomerase family protein	plastid
AT2G26340.1	hypothetical protein	thylakoid
AT2G26340.2	hypothetical protein	thylakoid
AT2G26500.1	cytochrome b6f complex subunit (petM)	thylakoid-integral
AT2G26500.2	cytochrome b6f complex subunit (petM)	thylakoid-integral
AT2G26500.3	cytochrome b6f complex subunit (petM)	thylakoid-integral
AT2G26540.1	uroporphyrinogen-III synthase family protein	plastid stroma
AT2G26550.1	heme oxygenase 2	plastid
AT2G26670.1	Plant heme oxygenase (decyclizing) family protein	plastid stroma
AT2G26670.2	Plant heme oxygenase (decyclizing) family protein	plastid stroma
AT2G26840.1	MutS2	plastid nucleoid
AT2G26900.1	Sodium Bile acid symporter family	envelope-inner-integral
AT2G26930.1	4-(cytidine 5'-phospho)-2-C-methyl-D-erithritol kinase	plastid
AT2G27290.1	FAM210B-like protein%2C putative (DUF1279)	plastid
AT2G27680.1	NAD(P)-linked oxidoreductase superfamily protein	plastid stroma
AT2G27820.1	prephenate dehydratase 1	plastid stroma
AT2G28000.1	chaperonin-60alpha	plastid stroma
AT2G28190.1	copper/zinc superoxide dismutase 2	plastid stroma; thylakoid-peripheral-stromal-side
AT2G28605.1	Photosystem II reaction center PsbP family protein	thylakoid-peripheral-lumenal-side
AT2G28800.1	63 kDa inner membrane family protein	thylakoid-integral
AT2G28800.2	63 kDa inner membrane family protein	thylakoid-integral
AT2G28800.3	63 kDa inner membrane family protein	thylakoid-integral
AT2G28800.4	63 kDa inner membrane family protein	thylakoid-integral
AT2G28900.1	outer plastid envelope protein 16-1	envelope-outer
AT2G29630.1	thiaminC	plastid stroma
AT2G29630.2	thiaminC	plastid stroma
AT2G29630.3	thiaminC	plastid stroma
AT2G29650.1	phosphate transporter 4%3B1	envelope-inner-integral; thylakoid-integral
AT2G29650.2	phosphate transporter 4%3B1	envelope-inner-integral; thylakoid-integral
AT2G29650.3	phosphate transporter 4%3B1	envelope-inner-integral; thylakoid-integral
AT2G29690.1	anthranilate synthase 2	plastid stroma
AT2G29760.1	Tetratricopeptide repeat (TPR)-like superfamily protein	plastid
AT2G30020.1	Protein phosphatase 2C family protein	plastid
AT2G30170.1	Protein phosphatase 2C family protein	plastid stroma
AT2G30170.2	Protein phosphatase 2C family protein	plastid stroma
AT2G30200.1	EMBRYO DEFECTIVE 3147	plastid stroma
AT2G30200.2	EMBRYO DEFECTIVE 3147	plastid stroma
AT2G30320.1	Pseudouridine synthase family protein	plastid
AT2G30390.1	ferrochelatase 2	plastid
AT2G30390.2	ferrochelatase 2	plastid
AT2G30440.1	thylakoid processing peptide	thylakoid-integral
AT2G30550.1	alpha/beta-Hydrolases superfamily protein	plastid
AT2G30550.2	alpha/beta-Hydrolases superfamily protein	plastid
AT2G30570.1	photosystem II reaction center W	thylakoid-integral
AT2G30695.1	bacterial trigger factor	plastid stroma
AT2G30695.2	bacterial trigger factor	plastid stroma
AT2G30790.1	photosystem II subunit P-2	thylakoid-peripheral-lumenal-side
AT2G30950.1	FtsH extracellular protease family	thylakoid-integral
AT2G31040.1	ATP synthase protein I-like protein	plastid
AT2G31170.1	Cysteinyl-tRNA synthetase%2C class Ia family protein	mitochondria; plastid stroma
AT2G31170.2	Cysteinyl-tRNA synthetase%2C class Ia family protein	mitochondria; plastid stroma
AT2G31270.1	CDT1-like protein A	nucleus; plastid
AT2G31400.1	s uncoupled 1	plastid
AT2G31450.1	DNA glycosylase superfamily protein	plastid nucleoid
AT2G31450.2	DNA glycosylase superfamily protein	plastid nucleoid
AT2G31530.1	SecY protein transport family protein	envelope-inner-integral
AT2G31670.1	Stress responsive alpha-beta barrel domain protein	plastid stroma
AT2G31690.1	alpha/beta-Hydrolases superfamily protein	plastid
AT2G31810.1	ACT domain-containing small subunit of acetolactate synthase protein	plastid
AT2G31810.2	ACT domain-containing small subunit of acetolactate synthase protein	plastid
AT2G31810.3	ACT domain-containing small subunit of acetolactate synthase protein	plastid
AT2G31840.1	Thioredoxin superfamily protein	plastid stroma
AT2G31890.1	RAP	plastid stroma
AT2G32040.1	Major facilitator superfamily protein	envelope
AT2G32180.1	plastid transcriptionally active 18	plastid nucleoid
AT2G32230.1	proteinaceous RNase P 1	mitochondria; plastid nucleoid
AT2G32480.1	chloroplastic membrane metallo proteases	envelope-inner
AT2G32480.2	chloroplastic membrane metallo proteases	envelope-inner
AT2G32640.1	Lycopene beta/epsilon cyclase protein	thylakoid
AT2G32640.2	Lycopene beta/epsilon cyclase protein	thylakoid
AT2G32650.1	RmlC-like cupins superfamily protein	plastid
AT2G32650.2	RmlC-like cupins superfamily protein	plastid
AT2G33270.1	atypical CYS HIS rich thioredoxin 3	plastid
AT2G33430.1	differentiation and greening-like 1 	plastid stroma
AT2G33450.1	Ribosomal L28 family	plastid ribosome
AT2G33740.1	Nitrogen regulatory PII-like%2C alpha/beta	envelope-inner
AT2G33740.2	Nitrogen regulatory PII-like%2C alpha/beta	envelope-inner
AT2G33800.1	Ribosomal protein S5 family protein	plastid ribosome
AT2G33980.1	nudix hydrolase homolog 22	plastid
AT2G34180.1	CBL-interacting protein kinase 13	plastid
AT2G34420.1	photosystem II light harvesting complex protein B1B2	thylakoid-integral
AT2G34430.1	light-harvesting chlorophyll-protein complex II subunit B1	thylakoid-integral
AT2G34460.1	NAD(P)-binding Rossmann-fold superfamily protein	plastoglobules
AT2G34590.1	Transketolase family protein	plastid
AT2G34620.1	Mitochondrial transcription termination factor family protein	plastid nucleoid
AT2G34640.1	plastid transcriptionally active 12	nucleus; plastid nucleoid
AT2G34860.1	DnaJ/Hsp40 cysteine-rich domain superfamily protein	thylakoid-peripheral-lumenal-side
AT2G34860.2	DnaJ/Hsp40 cysteine-rich domain superfamily protein	thylakoid-peripheral-lumenal-side
AT2G35010.1	thioredoxin O1	plastid
AT2G35010.2	thioredoxin O1	plastid
AT2G35040.1	AICARFT/IMPCHase bienzyme family protein	plastid stroma
AT2G35040.2	AICARFT/IMPCHase bienzyme family protein	plastid stroma
AT2G35130.1	Tetratricopeptide repeat (TPR)-like superfamily protein	plastid
AT2G35260.1	CAAX protease self-immunity protein	thylakoid-integral
AT2G35390.1	Phosphoribosyltransferase family protein	plastid
AT2G35390.2	Phosphoribosyltransferase family protein	plastid
AT2G35390.3	Phosphoribosyltransferase family protein	plastid
AT2G35410.1	RNA-binding (RRM/RBD/RNP motifs) family protein	plastid stroma
AT2G35450.1	catalytic/ hydrolase	plastid stroma
AT2G35490.1	Plastid-lipid associated protein PAP / fibrillin family protein	plastoglobules
AT2G35500.1	shikimate kinase like 2	plastid stroma
AT2G35800.1	mitochondrial substrate carrier family protein	envelope
AT2G36000.1	Mitochondrial transcription termination factor family protein	plastid
AT2G36000.2	Mitochondrial transcription termination factor family protein	plastid
AT2G36145.1	hypothetical protein	thylakoid
AT2G36250.1	Tubulin/FtsZ family protein	plastid stroma
AT2G36250.2	Tubulin/FtsZ family protein	plastid stroma
AT2G36390.1	starch branching enzyme 2.1	plastid stroma
AT2G36990.1	RNApolymerase sigma-subunit F	plastid
AT2G37220.1	RNA-binding (RRM/RBD/RNP motifs) family protein	plastid stroma
AT2G37240.1	Thioredoxin superfamily protein	plastid stroma
AT2G37400.1	Tetratricopeptide repeat (TPR)-like superfamily protein	plastid
AT2G37500.1	arginine biosynthesis protein ArgJ family	plastid stroma
AT2G37500.2	arginine biosynthesis protein ArgJ family	plastid stroma
AT2G37660.1	NAD(P)-binding Rossmann-fold superfamily protein	plastid stroma
AT2G37690.1	phosphoribosylaminoimidazole carboxylase%2C putative / AIR carboxylase	plastid
AT2G37770.1	NAD(P)-linked oxidoreductase superfamily protein	plastid
AT2G37770.2	NAD(P)-linked oxidoreductase superfamily protein	plastid
AT2G37860.1	reticulata-like protein%2C putative (DUF3411)	envelope-inner
AT2G37860.2	reticulata-like protein%2C putative (DUF3411)	envelope-inner
AT2G37860.3	reticulata-like protein%2C putative (DUF3411)	envelope-inner
AT2G37920.1	copper ion transmembrane transporter	plastid
AT2G38040.1	acetyl Co-enzyme a carboxylase carboxyltransferase alpha subunit	envelope-inner-peripheral-stromal-side
AT2G38040.2	acetyl Co-enzyme a carboxylase carboxyltransferase alpha subunit	envelope-inner-peripheral-stromal-side
AT2G38060.1	phosphate transporter 4%3B2	envelope-inner-integral
AT2G38140.1	plastid-specific ribosomal protein 4	plastid ribosome
AT2G38270.1	CAX-interacting protein 2	plastid stroma
AT2G38550.1	Transmembrane proteins 14C	envelope-inner-integral
AT2G39000.1	Acyl-CoA N-acyltransferases (NAT) superfamily protein	plastid
AT2G39000.2	Acyl-CoA N-acyltransferases (NAT) superfamily protein	plastid
AT2G39000.3	Acyl-CoA N-acyltransferases (NAT) superfamily protein	plastid
AT2G39080.1	NAD(P)-binding Rossmann-fold superfamily protein	plastid stroma
AT2G39140.1	pseudouridine synthase family protein	plastid stroma
AT2G39190.1	Protein kinase superfamily protein	plastid
AT2G39190.2	Protein kinase superfamily protein	plastid
AT2G39290.1	phosphatidylglycerolphosphate synthase 1	mitochondria; plastid
AT2G39470.1	PsbP-like protein 2	thylakoid-peripheral-lumenal-side
AT2G39470.2	PsbP-like protein 2	thylakoid-peripheral-lumenal-side
AT2G39470.3	PsbP-like protein 2	thylakoid-peripheral-lumenal-side
AT2G39670.1	Radical SAM superfamily protein	plastid
AT2G39670.2	Radical SAM superfamily protein	plastid
AT2G39730.1	rubisco activase	plastid stroma
AT2G39730.2	rubisco activase	plastid stroma
AT2G39730.3	rubisco activase	plastid stroma
AT2G39930.1	isoamylase 1	plastid
AT2G40100.1	light harvesting complex photosystem II	thylakoid-integral
AT2G40100.2	light harvesting complex photosystem II	thylakoid-integral
AT2G40300.1	ferritin 4	mitochondria; plastid
AT2G40400.1	DUF399 family protein%2C putative (DUF399 and DUF3411)	envelope-inner-integral
AT2G40400.2	DUF399 family protein%2C putative (DUF399 and DUF3411)	envelope-inner-integral
AT2G40490.1	Uroporphyrinogen decarboxylase	plastid stroma
AT2G40690.1	NAD-dependent glycerol-3-phosphate dehydrogenase family protein	plastid
AT2G41040.1	S-adenosyl-L-methionine-dependent methyltransferases superfamily protein	plastoglobules
AT2G41220.1	glutamate synthase 2	plastid stroma
AT2G41460.1	apurinic endonuclease-redox protein	plastid nucleoid
AT2G41460.2	apurinic endonuclease-redox protein	plastid nucleoid
AT2G41680.1	NADPH-dependent thioredoxin reductase C	plastid stroma
AT2G41950.1	DNA-directed RNA polymerase subunit beta	plastid stroma
AT2G42070.1	nudix hydrolase homolog 23	plastid stroma
AT2G42130.1	Plastid-lipid associated protein PAP / fibrillin family protein	plastoglobules
AT2G42130.2	Plastid-lipid associated protein PAP / fibrillin family protein	plastoglobules
AT2G42130.3	Plastid-lipid associated protein PAP / fibrillin family protein	plastoglobules
AT2G42130.4	Plastid-lipid associated protein PAP / fibrillin family protein	plastoglobules
AT2G42130.5	Plastid-lipid associated protein PAP / fibrillin family protein	plastoglobules
AT2G42220.1	Rhodanese/Cell cycle control phosphatase superfamily protein	thylakoid
AT2G42530.1	cold regulated 15b	plastid stroma
AT2G42540.1	cold-regulated 15a	plastid stroma
AT2G42540.2	cold-regulated 15a	plastid stroma
AT2G42540.3	cold-regulated 15a	plastid stroma
AT2G42770.1	Peroxisomal membrane 22 kDa (Mpv17/PMP22) family protein	envelope-inner-integral
AT2G42975.1	myosin-G heavy chain-like protein	plastid
AT2G43030.1	Ribosomal protein L3 family protein	plastid ribosome
AT2G43090.1	Aconitase/3-isopropylmalate dehydratase protein	plastid stroma
AT2G43090.2	Aconitase/3-isopropylmalate dehydratase protein	plastid stroma
AT2G43100.1	isopropylmalate isomerase 2	plastid stroma
AT2G43180.1	Phosphoenolpyruvate carboxylase family protein	plastid
AT2G43180.2	Phosphoenolpyruvate carboxylase family protein	plastid
AT2G43180.3	Phosphoenolpyruvate carboxylase family protein	plastid
AT2G43180.4	Phosphoenolpyruvate carboxylase family protein	plastid
AT2G43235.1	phosphoribosylformylglycinamidine synthase	plastid nucleoid
AT2G43560.1	FKBP-like peptidyl-prolyl cis-trans isomerase family protein	thylakoid-peripheral-lumenal-side
AT2G43620.1	Chitinase family protein	plastid
AT2G43630.1	nucleusenvelope protein	plastid
AT2G43710.1	Plant stearoyl-acyl-carrier-protein desaturase family protein	plastid stroma
AT2G43710.2	Plant stearoyl-acyl-carrier-protein desaturase family protein	plastid stroma
AT2G43750.1	O-acetylserine (thiol) lyase B	plastid stroma
AT2G43750.2	O-acetylserine (thiol) lyase B	plastid stroma
AT2G43945.1	hypothetical protein	plastid stroma
AT2G43950.1	chloroplast outer envelope protein 37	envelope-outer
AT2G43950.2	chloroplast outer envelope protein 37	envelope-outer
AT2G43950.3	Constitutes a peptide sensitive ion  channel in chloroplast outer membranes. Accumulates in germinating  seeds and developing embryos.	envelope-outer
AT2G44040.1	Dihydrodipicolinate reductase%2C bacterial/plant	plastid stroma
AT2G44050.1	6%2C7-dimethyl-8-ribityllumazine synthase / DMRL synthase / lumazine synthase / riboflavin synthase	plastid
AT2G44530.1	Phosphoribosyltransferase family protein	plastid stroma
AT2G44530.2	Phosphoribosyltransferase family protein	plastid stroma
AT2G44640.1	TRIGALACTOSYLDIACYLGLYCEROL-like protein	envelope
AT2G44650.1	chloroplast chaperonin 10	plastid stroma
AT2G44810.1	alpha/beta-Hydrolases superfamily protein	plastid
AT2G44920.1	Tetratricopeptide repeat (TPR)-like superfamily protein	thylakoid-peripheral-lumenal-side
AT2G44920.2	Tetratricopeptide repeat (TPR)-like superfamily protein	thylakoid-peripheral-lumenal-side
AT2G44990.1	carotenoid cleavage dioxygenase 7	plastid
AT2G45150.1	cytidinediphosphate diacylglycerol synthase 4	plastid
AT2G45150.2	cytidinediphosphate diacylglycerol synthase 4	plastid
AT2G45150.3	cytidinediphosphate diacylglycerol synthase 4	plastid
AT2G45290.1	Transketolase	plastid stroma
AT2G45300.1	RNA 3'-terminal phosphate cyclase/enolpyruvate transferase%2C alpha/beta	plastid stroma
AT2G45350.1	Pentatricopeptide repeat (PPR) superfamily protein	plastid stroma
AT2G45440.1	dihydrodipicolinate synthase	plastid
AT2G45770.1	signal recognition particle receptor protein%2C chloroplast (FTSY)	thylakoid-peripheral-stromal-side
AT2G45770.2	"chloroplast SRP receptor homolog, alpha subunit CPFTSY. Required for LHCP  integration into isolated thylakoids."	thylakoid-peripheral-stromal-side
AT2G45990.1	ribosomal RNA small subunit methyltransferase G	plastid stroma
AT2G45990.2	ribosomal RNA small subunit methyltransferase G	plastid stroma
AT2G45990.3	ribosomal RNA small subunit methyltransferase G	plastid stroma
AT2G45990.4	ribosomal RNA small subunit methyltransferase G	plastid stroma
AT2G46820.1	photosystem I P subunit	thylakoid
AT2G46820.2	photosystem I P subunit	thylakoid
AT2G46910.1	Plastid-lipid associated protein PAP / fibrillin family protein	plastoglobules
AT2G47390.1	Prolyl oligopeptidase family protein	plastid stroma
AT2G47400.1	CP12 domain-containing protein 1	plastid stroma
AT2G47450.1	chloroplast signal recognition particle component (CAO)	plastid stroma
AT2G47490.1	NAD+ transporter 1	plastid
AT2G47730.1	glutathione S-transferase phi 8	cytosol; plastid stroma
AT2G47840.1	Uncharacterized conserved protein ycf60	envelope-inner-integral
AT2G47910.1	chlororespiratory reduction 6	plastid stroma
AT2G47910.2	chlororespiratory reduction 6	plastid stroma
AT2G47940.1	DEGP protease 2	plastid stroma
AT2G47940.2	DEGP protease 2	plastid stroma
AT2G48070.1	resistance to phytophthora 1	plastid
AT2G48070.2	resistance to phytophthora 1	plastid
AT2G48070.3	resistance to phytophthora 1	plastid
AT2G48120.1	pale cress protein (PAC)	plastid stroma
AT2G48120.2	pale cress protein (PAC)	plastid stroma
AT3G01060.1	lysine-tRNA ligase	plastid
AT3G01060.2	lysine-tRNA ligase	plastid
AT3G01060.3	lysine-tRNA ligase	plastid
AT3G01180.1	starch synthase 2	plastid stroma
AT3G01370.1	CRM family member 2	plastid stroma
AT3G01440.1	PsbQ-like 1	thylakoid-peripheral-lumenal-side
AT3G01480.1	cyclophilin 38	thylakoid-peripheral-lumenal-side
AT3G01480.2	cyclophilin 38	thylakoid-peripheral-lumenal-side
AT3G01500.1	carbonic anhydrase 1	plastid stroma
AT3G01500.2	carbonic anhydrase 1	plastid stroma
AT3G01500.3	carbonic anhydrase 1	plastid stroma
AT3G01510.1	like SEX4 1	plastid stroma
AT3G01920.1	DHBP synthase RibB-like alpha/beta domain-containing protein	plastid
AT3G02040.1	senescence-related gene 3	plastid
AT3G02060.1	DEAD/DEAH box helicase	plastid
AT3G02060.2	DEAD/DEAH box helicase	plastid
AT3G02150.1	plastid transcription factor 1	plastid
AT3G02150.2	plastid transcription factor 1	plastid
AT3G02450.1	cell division protein ftsH	envelope
AT3G02630.1	Plant stearoyl-acyl-carrier-protein desaturase family protein	plastid stroma
AT3G02660.1	Tyrosyl-tRNA synthetase%2C class Ib%2C bacterial/mitochondrial	mitochondria; plastid stroma
AT3G02730.1	thioredoxin F-type 1	plastid stroma; thylakoid-peripheral-stromal-side
AT3G02900.1	Low-density receptor-like protein	plastid
AT3G02900.2	Low-density receptor-like protein	plastid
AT3G03380.1	DegP protease 7	mitochondria; nucleus; plastid
AT3G03630.1	cysteine synthase 26	plastid
AT3G03710.1	polyribonucleotide nucleotidyltransferase	plastid stroma
AT3G03890.1	FMN binding protein	plastid stroma
AT3G03890.2	FMN binding protein	plastid stroma
AT3G04000.1	NAD(P)-binding Rossmann-fold superfamily protein	plastid
AT3G04260.1	plastid transcriptionally active 3	plastid
AT3G04340.1	FtsH extracellular protease family	plastid
AT3G04550.1	rubisco accumulation factor-like protein	plastid stroma
AT3G04650.1	FAD/NAD(P)-binding oxidoreductase family protein	plastid
AT3G04760.1	Pentatricopeptide repeat (PPR-like) superfamily protein	plastid nucleoid
AT3G04790.1	Ribose 5-phosphate isomerase%2C type A protein	plastid stroma; thylakoid-peripheral-stromal-side
AT3G04870.1	zeta-carotene desaturase	plastid
AT3G04870.2	zeta-carotene desaturase	plastid
AT3G04890.1	adenine phosphoribosyltransferase-like protein%2C putative (DUF2358)	plastid
AT3G04890.2	adenine phosphoribosyltransferase-like protein%2C putative (DUF2358)	plastid
AT3G05350.1	Metallopeptidase M24 family protein	plastid stroma
AT3G05625.1	Tetratricopeptide repeat (TPR)-like superfamily protein	plastid
AT3G05790.1	lon protease 4	mitochondria; plastid
AT3G06350.1	dehydroquinate dehydratase%2C putative / shikimate dehydrogenase	plastid stroma
AT3G06430.1	Tetratricopeptide repeat (TPR)-like superfamily protein	plastid
AT3G06510.1	Glycosyl hydrolase superfamily protein	envelope-outer
AT3G06510.2	Glycosyl hydrolase superfamily protein	envelope-outer
AT3G06730.1	Thioredoxin z	plastid
AT3G06960.1	pigment defective 320	envelope-outer
AT3G06960.2	pigment defective 320	envelope-outer
AT3G06980.1	DEA(D/H)-box RNA helicase family protein	plastid nucleoid
AT3G07430.1	YGGT family protein	plastid ribosome
AT3G07630.1	arogenate dehydratase 2	plastid stroma
AT3G07630.2	arogenate dehydratase 2	plastid stroma
AT3G07700.1	Protein kinase superfamily protein	plastoglobules
AT3G07700.2	Protein kinase superfamily protein	plastoglobules
AT3G07700.3	Protein kinase superfamily protein	plastoglobules
AT3G08010.1	RNA binding protein	plastid stroma
AT3G08630.1	alphavirus core family protein (DUF3411)	envelope-inner-integral
AT3G08640.1	alphavirus core family protein (DUF3411)	envelope-inner-integral
AT3G08740.1	elongation factor P (EF-P) family protein	plastid stroma
AT3G08920.1	Rhodanese/Cell cycle control phosphatase superfamily protein	thylakoid
AT3G08940.1	light harvesting complex photosystem II	thylakoid-integral
AT3G08940.2	light harvesting complex photosystem II	thylakoid-integral
AT3G09050.1	8-amino-7-oxononanoate synthase	thylakoid
AT3G09150.1	phytochromobilin:ferredoxin oxidoreductase%2C chloroplast / phytochromobilin synthase (HY2)	plastid stroma
AT3G09150.2	phytochromobilin:ferredoxin oxidoreductase%2C chloroplast / phytochromobilin synthase (HY2)	plastid stroma
AT3G09150.3	phytochromobilin:ferredoxin oxidoreductase%2C chloroplast / phytochromobilin synthase (HY2)	plastid stroma
AT3G09210.1	plastid transcriptionally active 13	plastid nucleoid
AT3G09250.1	Nuclear transport factor 2 (NTF2) family protein	plastid stroma
AT3G09250.2	Nuclear transport factor 2 (NTF2) family protein	plastid stroma
AT3G09490.1	Tetratricopeptide repeat (TPR)-like superfamily protein	plastid stroma
AT3G09580.1	FAD/NAD(P)-binding oxidoreductase family protein	plastid
AT3G09650.1	Tetratricopeptide repeat (TPR)-like superfamily protein	plastid nucleoid
AT3G10050.1	L-O-methylthreonine resistant 1	plastid stroma
AT3G10060.1	FKBP-like peptidyl-prolyl cis-trans isomerase family protein	thylakoid-peripheral-lumenal-side
AT3G10130.1	SOUL heme-binding family protein	plastoglobules
AT3G10230.1	lycopene cyclase	plastid
AT3G10230.2	lycopene cyclase	plastid
AT3G10270.1	DNA gyrase subunit B	mitochondria; plastid nucleoid
AT3G10350.1	P-loop containing nucleoside triphosphate hydrolases superfamily protein	plastid
AT3G10350.2	P-loop containing nucleoside triphosphate hydrolases superfamily protein	plastid
AT3G10420.1	P-loop containing nucleoside triphosphate hydrolases superfamily protein	plastid
AT3G10420.2	P-loop containing nucleoside triphosphate hydrolases superfamily protein	plastid
AT3G10620.1	nudix hydrolase homolog 26	plastid
AT3G10670.1	non-intrinsic ABC protein 7	plastid stroma
AT3G10690.1	DNA GYRASE A	mitochondria; plastid
AT3G10840.1	alpha/beta-Hydrolases superfamily protein	envelope
AT3G10940.1	dual specificity protein phosphatase (DsPTP1) family protein	plastid stroma
AT3G10970.1	Haloacid dehalogenase-like hydrolase (HAD) superfamily protein	plastid
AT3G10970.2	Haloacid dehalogenase-like hydrolase (HAD) superfamily protein	plastid
AT3G10970.3	Haloacid dehalogenase-like hydrolase (HAD) superfamily protein	plastid
AT3G11050.1	ferritin 2	plastid
AT3G11170.1	fatty acid desaturase 7	envelope-inner-integral
AT3G11560.1	LETM1-like protein	envelope
AT3G11560.2	LETM1-like protein	envelope
AT3G11560.3	LETM1-like protein	envelope
AT3G11560.4	LETM1-like protein	envelope
AT3G11630.1	Thioredoxin superfamily protein	plastid stroma; thylakoid-peripheral-stromal-side
AT3G11670.1	UDP-Glycosyltransferase superfamily protein	envelope-outer
AT3G11670.2	UDP-Glycosyltransferase superfamily protein	envelope-outer
AT3G11945.1	homogentisate prenyltransferase	envelope
AT3G11945.2	homogentisate prenyltransferase	envelope
AT3G11980.1	Jojoba acyl CoA reductase-related male sterility protein	plastid
AT3G12080.1	GTP-binding family protein	plastid
AT3G12080.2	GTP-binding family protein	plastid
AT3G12345.1	FKBP-type peptidyl-prolyl cis-trans isomerase	thylakoid
AT3G12600.1	nudix hydrolase homolog 16	plastid
AT3G12600.2	nudix hydrolase homolog 16	plastid
AT3G12700.1	Eukaryotic aspartyl protease family protein	plastid
AT3G12700.2	Eukaryotic aspartyl protease family protein	plastid
AT3G12780.1	phosphoglycerate kinase 1	plastid stroma
AT3G12930.1	Lojap-related protein	plastid stroma
AT3G13070.1	CBS domain-containing protein / transporter associated domain-containing protein	envelope
AT3G13120.1	Ribosomal protein S10p/S20e family protein	plastid ribosome
AT3G13120.2	Ribosomal protein S10p/S20e family protein	plastid ribosome
AT3G13180.1	NOL1/NOP2/sun family protein / antitermination NusB domain-containing protein	plastid
AT3G13470.1	TCP-1/cpn60 chaperonin family protein	plastid stroma
AT3G13490.1	Lysyl-tRNA synthetase%2C class II	mitochondria; plastid stroma
AT3G13740.1	Ribonuclease III family protein	plastid
AT3G13740.2	Ribonuclease III family protein	plastid
AT3G14050.1	RELA/SPOT homolog 2	plastid
AT3G14110.1	Tetratricopeptide repeat (TPR)-like superfamily protein	envelope-inner; thylakoid
AT3G14110.2	Tetratricopeptide repeat (TPR)-like superfamily protein	envelope-inner; thylakoid
AT3G14110.3	Tetratricopeptide repeat (TPR)-like superfamily protein	envelope-inner; thylakoid
AT3G14390.1	Pyridoxal-dependent decarboxylase family protein	plastid
AT3G14420.1	Aldolase-type TIM barrel family protein	peroxisome; plastid
AT3G14420.2	Aldolase-type TIM barrel family protein	peroxisome; plastid
AT3G14420.3	Aldolase-type TIM barrel family protein	peroxisome; plastid
AT3G14420.4	Aldolase-type TIM barrel family protein	peroxisome; plastid
AT3G14420.5	Aldolase-type TIM barrel family protein	peroxisome; plastid
AT3G14420.6	Aldolase-type TIM barrel family protein	peroxisome; plastid
AT3G14440.1	nine-cis-epoxycarotenoid dioxygenase 3	plastid
AT3G14900.1	hypothetical protein	plastid stroma
AT3G14930.1	Uroporphyrinogen decarboxylase	plastid stroma
AT3G14930.2	Uroporphyrinogen decarboxylase	plastid stroma
AT3G14930.3	Uroporphyrinogen decarboxylase	plastid stroma
AT3G15000.1	cobalt ion binding protein	mitochondria; plastid
AT3G15095.1	Serine/Threonine-kinase pakA-like protein	plastid
AT3G15095.2	Serine/Threonine-kinase pakA-like protein	plastid
AT3G15095.3	Serine/Threonine-kinase pakA-like protein	plastid
AT3G15110.1	transmembrane protein	plastid
AT3G15190.1	chloroplast 30S ribosomal protein S20	plastid ribosome
AT3G15360.1	thioredoxin M-type 4	plastid stroma; thylakoid-peripheral-stromal-side
AT3G15520.1	Cyclophilin-like peptidyl-prolyl cis-trans isomerase family protein	thylakoid-peripheral-lumenal-side
AT3G15690.1	Single hybrid motif superfamily protein	envelope-inner-peripheral-stromal-side
AT3G15690.2	Single hybrid motif superfamily protein	envelope-inner-peripheral-stromal-side
AT3G15840.1	post-illumination chlorophyll fluorescence increase	plastid
AT3G15840.2	post-illumination chlorophyll fluorescence increase	plastid
AT3G15840.3	post-illumination chlorophyll fluorescence increase	plastid
AT3G15840.4	post-illumination chlorophyll fluorescence increase	plastid
AT3G15840.5	post-illumination chlorophyll fluorescence increase	plastid
AT3G15850.1	fatty acid desaturase 5	plastid
AT3G15900.1	homoserine O-acetyltransferase	plastid
AT3G16000.1	MAR binding filament-like protein 1	plastid nucleoid
AT3G16140.1	photosystem I subunit H-1	thylakoid-integral
AT3G16250.1	NDH-dependent cyclic electron flow 1	thylakoid
AT3G16290.1	AAA-type ATPase family protein	plastid
AT3G16480.1	mitochondrial processing peptidase alpha subunit	mitochondria; plastid
AT3G16950.1	lipoamide dehydrogenase 1	plastid
AT3G16950.2	lipoamide dehydrogenase 1	plastid
AT3G17040.1	high chlorophyll fluorescent 107	plastid stroma
AT3G17040.2	high chlorophyll fluorescent 107	plastid stroma
AT3G17170.1	Translation elongation factor EF1B/ribosomal protein S6 family protein	plastid
AT3G17470.1	Ca2+-activated RelA/spot-like protein	plastid
AT3G17800.1	alanine-tRNA ligase%2C putative (DUF760)	plastid
AT3G17800.2	alanine-tRNA ligase%2C putative (DUF760)	plastid
AT3G17810.1	pyrimidine 1	plastid
AT3G17830.1	Molecular chaperone Hsp40/DnaJ family protein	plastid
AT3G17930.1	transmembrane protein	thylakoid
AT3G17970.1	translocon at the outer membrane of chloroplasts 64-III	envelope-outer
AT3G18110.1	Pentatricopeptide repeat (PPR) superfamily protein	plastid nucleoid
AT3G18270.1	cytochrome P450%2C family 77%2C subfamily A%2C polypeptide 5 pseudogene	plastid stroma
AT3G18390.1	CRS1 / YhbY (CRM) domain-containing protein	plastid nucleoid
AT3G18420.1	Protein prenylyltransferase superfamily protein	envelope
AT3G18680.1	Amino acid kinase family protein	plastid stroma
AT3G18870.1	Mitochondrial transcription termination factor family protein	plastid
AT3G18890.1	NAD(P)-binding Rossmann-fold superfamily protein	envelope-inner-peripheral-stromal-side; thylakoid
AT3G19160.1	ATP/ADP isopentenyltransferase	plastid
AT3G19170.1	presequence protease 1	mitochondria; plastid stroma
AT3G19170.2	presequence protease 1	mitochondria; plastid stroma
AT3G19180.1	plastid division protein	envelope-inner
AT3G19180.2	plastid division protein	envelope-inner
AT3G19220.1	protein disulfide isomerase	thylakoid
AT3G19480.1	D-3-phosphoglycerate dehydrogenase	plastid stroma
AT3G19490.1	sodium:hydrogen antiporter 1	envelope-inner
AT3G19720.1	P-loop containing nucleoside triphosphate hydrolases superfamily protein	envelope-outer; peroxisome
AT3G19720.2	P-loop containing nucleoside triphosphate hydrolases superfamily protein	envelope-outer; peroxisome
AT3G19720.3	P-loop containing nucleoside triphosphate hydrolases superfamily protein	envelope-outer; peroxisome
AT3G19810.1	BTB/POZ domain protein%2C putative (DUF177)	plastid
AT3G19900.1	hypothetical protein	plastid stroma
AT3G20230.1	Ribosomal L18p/L5e family protein	plastid ribosome
AT3G20320.1	trigalactosyldiacylglycerol2	envelope-inner
AT3G20320.2	trigalactosyldiacylglycerol2	envelope-inner
AT3G20330.1	PYRIMIDINE B	plastid stroma
AT3G20390.1	endoribonuclease L-PSP family protein	plastid stroma; thylakoid-peripheral-stromal-side
AT3G20440.1	Alpha amylase family protein	plastid
AT3G20440.2	Alpha amylase family protein	plastid
AT3G20440.3	Alpha amylase family protein	plastid
AT3G20540.2	polymerase gamma 1	plastid
AT3G20680.1	plant/protein (DUF1995)	plastid
AT3G20930.1	RNA-binding (RRM/RBD/RNP motifs) family protein	plastid
AT3G21055.1	photosystem II subunit T	thylakoid-integral
AT3G21110.1	purin 7	plastid stroma
AT3G21110.2	purin 7	plastid stroma
AT3G21140.1	Pyridoxamine 5'-phosphate oxidase family protein	plastid
AT3G21200.1	proton gradient regulation 7	thylakoid-peripheral-stromal-side
AT3G21580.1	cobalt ion transmembrane transporter	envelope-inner
AT3G21580.2	cobalt ion transmembrane transporter 	envelope-inner
AT3G22690.1	LOW protein: PPR containing-like protein	plastid
AT3G22840.1	Chlorophyll A-B binding family protein	thylakoid-integral
AT3G22890.1	ATP sulfurylase 1	plastid stroma
AT3G22960.1	Pyruvate kinase family protein	plastid stroma
AT3G23070.1	CRM family member 3A	mitochondria; plastid stroma
AT3G23400.1	Plastid-lipid associated protein PAP / fibrillin family protein	plastoglobules
AT3G23700.1	Nucleic acid-binding proteins superfamily	plastid stroma
AT3G23710.1	Tic22-like family protein	plastid
AT3G23790.1	AMP-dependent synthetase and ligase family protein	plastid
AT3G23920.1	beta-amylase 1	plastid
AT3G23940.1	dehydratase family	plastid stroma
AT3G23940.2	dehydratase family	plastid stroma
AT3G24190.1	Protein kinase superfamily protein	plastoglobules
AT3G24220.1	nine-cis-epoxycarotenoid dioxygenase 6	plastid
AT3G24430.1	ATP binding protein	plastid stroma
AT3G24506.1	hypothetical protein	plastid stroma
AT3G24590.1	plastidic type i signal peptidase 1	envelope; thylakoid-peripheral-lumenal-side
AT3G25480.1	Rhodanese/Cell cycle control phosphatase superfamily protein	thylakoid
AT3G25660.1	Amidase family protein	mitochondria; plastid stroma
AT3G25680.1	SLH domain protein	envelope
AT3G25690.1	Hydroxyproline-rich glycoprotein family protein	envelope-outer
AT3G25690.2	Hydroxyproline-rich glycoprotein family protein	envelope-outer
AT3G25690.3	Hydroxyproline-rich glycoprotein family protein	envelope-outer
AT3G25740.1	methionine aminopeptidase 1C	mitochondria; plastid
AT3G25760.1	allene oxide cyclase 1	plastid
AT3G25770.1	allene oxide cyclase 2	thylakoid-peripheral-stromal-side
AT3G25780.1	allene oxide cyclase 3	plastid
AT3G25860.1	2-oxoacid dehydrogenases acyltransferase family protein	plastid
AT3G25920.1	ribosomal protein L15	plastid ribosome
AT3G26060.1	Thioredoxin superfamily protein	plastid
AT3G26060.2	Thioredoxin superfamily protein	plastid
AT3G26070.1	Plastid-lipid associated protein PAP / fibrillin family protein	thylakoid-peripheral-stromal-side
AT3G26080.1	plastid-lipid associated protein PAP / fibrillin family protein	thylakoid-peripheral-stromal-side
AT3G26570.1	phosphate transporter 2%3B1	envelope-inner-integral
AT3G26570.2	phosphate transporter 2%3B1	envelope-inner-integral
AT3G26580.1	Tetratricopeptide repeat (TPR)-like superfamily protein	plastid stroma; thylakoid
AT3G26650.1	glyceraldehyde 3-phosphate dehydrogenase A subunit	plastid stroma
AT3G26690.1	nudix hydrolase homolog 13	plastid
AT3G26690.2	nudix hydrolase homolog 13	plastid
AT3G26710.1	cofactor assembly of complex C	thylakoid-integral
AT3G26740.1	CCR-like protein	plastid
AT3G26840.1	Esterase/lipase/thioesterase family protein	plastoglobules
AT3G26900.1	shikimate kinase like 1	plastid stroma
AT3G26900.2	shikimate kinase like 1	plastid stroma
AT3G26900.3	shikimate kinase like 1	plastid stroma
AT3G27110.1	Peptidase family M48 family protein	plastoglobules
AT3G27110.2	Peptidase family M48 family protein	plastoglobules
AT3G27160.1	Ribosomal protein S21 family protein	plastid ribosome
AT3G27190.1	uridine kinase-like 2	plastid
AT3G27690.1	photosystem II light harvesting complex protein 2.3	thylakoid-integral
AT3G27740.1	carbamoyl phosphate synthetase A	plastid stroma
AT3G27740.2	carbamoyl phosphate synthetase A	plastid stroma
AT3G27750.1	PPR containing protein	plastid
AT3G27830.1	ribosomal protein L12-A	plastid ribosome
AT3G27840.1	ribosomal protein L12-B	plastid
AT3G27850.1	ribosomal protein L12-C	plastid ribosome
AT3G27925.1	DegP protease 1	thylakoid-peripheral-lumenal-side
AT3G28220.1	TRAF-like family protein	plastid
AT3G28460.1	methyltransferase	plastid
AT3G29185.1	glutamate NMDA receptor subunit epsilon-1%2C putative (DUF3598)	plastid
AT3G29185.2	glutamate NMDA receptor subunit epsilon-1%2C putative (DUF3598)	plastid
AT3G29200.1	chorismate mutase 1	plastid stroma
AT3G29240.1	PPR containing protein (DUF179)	plastid stroma
AT3G29240.2	PPR containing protein (DUF179)	plastid stroma
AT3G29320.1	Glycosyl transferase%2C family 35	plastid stroma
AT3G43520.1	Transmembrane proteins 14C	plastid
AT3G43540.1	initiation factor 4F subunit (DUF1350)	plastoglobules
AT3G43540.2	initiation factor 4F subunit (DUF1350)	plastoglobules
AT3G44160.1	Outer membrane OMP85 family protein	envelope-outer
AT3G44620.1	protein-tyrosine phosphatase	plastid stroma
AT3G44620.2	protein-tyrosine phosphatase	plastid stroma
AT3G44720.1	arogenate dehydratase 4	plastid stroma
AT3G44880.1	Pheophorbide a oxygenase family protein with Rieske 2Fe-2S domain-containing protein	thylakoid
AT3G44890.1	ribosomal protein L9	plastid ribosome
AT3G45140.1	lipoxygenase 2	plastid stroma
AT3G46100.1	Histidyl-tRNA synthetase 1	mitochondria; plastid stroma
AT3G46610.1	Pentatricopeptide repeat (PPR-like) superfamily protein	plastid
AT3G46630.1	DCL protein (DUF3223)	plastid
AT3G46740.1	translocon at the outer envelope membrane of chloroplasts 75-III	envelope-outer
AT3G46780.1	plastid transcriptionally active 16	thylakoid
AT3G46790.1	Tetratricopeptide repeat (TPR)-like superfamily protein	plastid stroma
AT3G46980.1	phosphate transporter 4%3B3	plastid
AT3G46980.2	phosphate transporter 4%3B3	plastid
AT3G46980.3	phosphate transporter 4%3B3	plastid
AT3G47060.1	FTSH protease 7	envelope
AT3G47070.1	thylakoid soluble phosphoprotein	thylakoid-peripheral-stromal-side
AT3G47390.1	cytidine/deoxycytidylate deaminase family protein	plastid stroma
AT3G47390.2	cytidine/deoxycytidylate deaminase family protein	plastid stroma
AT3G47450.1	P-loop containing nucleoside triphosphate hydrolases superfamily protein	plastid stroma
AT3G47450.2	P-loop containing nucleoside triphosphate hydrolases superfamily protein	plastid stroma
AT3G47470.1	light-harvesting chlorophyll-protein complex I subunit A4	thylakoid-integral
AT3G47490.1	HNH endonuclease	plastid
AT3G47490.2	HNH endonuclease	plastid
AT3G47490.3	HNH endonuclease	plastid
AT3G47520.1	malate dehydrogenase	plastid stroma
AT3G47650.1	DnaJ/Hsp40 cysteine-rich domain superfamily protein	plastid stroma
AT3G47860.1	chloroplastic lipocalin	thylakoid-peripheral-lumenal-side
AT3G48110.1	glycine-tRNA ligase	mitochondria; plastid stroma
AT3G48420.1	Haloacid dehalogenase-like hydrolase (HAD) superfamily protein	plastid stroma
AT3G48500.1	Nucleic acid-binding%2C OB-fold-like protein	plastid nucleoid
AT3G48500.2	Nucleic acid-binding%2C OB-fold-like protein	plastid nucleoid
AT3G48560.1	chlorsulfuron/imidazolinone resistant 1	plastid stroma
AT3G48620.1	Outer membrane OMP85 family protein	envelope-outer
AT3G48730.1	glutamate-1-semialdehyde 2%2C1-aminomutase 2	plastid stroma
AT3G48870.1	Clp ATPase	plastid stroma
AT3G48870.2	Clp ATPase	plastid stroma
AT3G49140.1	Pentatricopeptide repeat (PPR) superfamily protein	plastid
AT3G49560.1	Mitochondrial import inner membrane translocase subunit Tim17/Tim22/Tim23 family protein	envelope-inner-integral; mitochondria
AT3G49680.1	branched-chain aminotransferase 3	plastid stroma
AT3G49680.2	branched-chain aminotransferase 3	plastid stroma
AT3G50380.1	vacuolar protein sorting-associated protein%2C putative (DUF1162)	plastid
AT3G50820.1	photosystem II subunit O-2	thylakoid-peripheral-lumenal-side
AT3G51140.1	DnaJ (DUF3353)	envelope
AT3G51510.1	transmembrane protein	thylakoid
AT3G51820.1	UbiA prenyltransferase family protein	thylakoid
AT3G51870.1	Mitochondrial substrate carrier family protein	envelope
AT3G52150.1	RNA-binding (RRM/RBD/RNP motifs) family protein	plastid ribosome
AT3G52150.2	RNA-binding (RRM/RBD/RNP motifs) family protein	plastid ribosome
AT3G52155.1	Phosphoglycerate mutase family protein	plastid
AT3G52170.1	DNA binding protein	plastid nucleoid
AT3G52170.2	DNA binding protein	plastid nucleoid
AT3G52180.1	dual specificity protein phosphatase (DsPTP1) family protein	plastid stroma
AT3G52180.2	dual specificity protein phosphatase (DsPTP1) family protein	plastid stroma
AT3G52230.1	hypothetical protein	envelope-outer
AT3G52380.1	chloroplast RNA-binding protein 33	plastid stroma
AT3G52420.1	outer envelope membrane protein 7	envelope-outer
AT3G52750.1	Tubulin/FtsZ family protein	plastid stroma
AT3G52960.1	Thioredoxin superfamily protein	plastid stroma
AT3G53130.1	Cytochrome P450 superfamily protein	plastid
AT3G53170.1	LOW protein: PPR containing protein	plastid
AT3G53460.1	chloroplast RNA-binding protein 29	plastid stroma
AT3G53460.2	chloroplast RNA-binding protein 29	plastid stroma
AT3G53460.3	chloroplast RNA-binding protein 29	plastid stroma
AT3G53460.4	chloroplast RNA-binding protein 29	plastid stroma
AT3G53470.1	2%2C3-bisphosphoglycerate-independent phosphoglycerate mutase	thylakoid
AT3G53470.2	2%2C3-bisphosphoglycerate-independent phosphoglycerate mutase	thylakoid
AT3G53560.1	Tetratricopeptide repeat (TPR)-like superfamily protein	plastid
AT3G53580.1	diaminopimelate epimerase family protein	plastid stroma
AT3G53700.1	Pentatricopeptide repeat (PPR) superfamily protein	plastid
AT3G53900.1	uracil phosphoribosyltransferase	plastid stroma
AT3G53900.2	uracil phosphoribosyltransferase	plastid stroma
AT3G53920.1	RNApolymerase sigma-subunit C	plastid
AT3G54050.1	high cyclic electron flow 1	plastid stroma
AT3G54050.2	high cyclic electron flow 1	plastid stroma
AT3G54090.1	fructokinase-like 1	cytosol; nucleus; plastid nucleoid
AT3G54210.1	Ribosomal protein L17 family protein	plastid ribosome
AT3G54640.1	tryptophan synthase alpha chain	plastid stroma
AT3G54660.1	glutathione reductase	plastid stroma
AT3G54890.1	chlorophyll a-b binding protein 6	thylakoid-integral
AT3G54890.2	chlorophyll a-b binding protein 6	thylakoid-integral
AT3G54890.3	chlorophyll a-b binding protein 6	thylakoid-integral
AT3G54890.4	chlorophyll a-b binding protein 6	thylakoid-integral
AT3G54900.1	CAX interacting protein 1	plastid
AT3G54960.1	PDI-like 1-3	plastid
AT3G54960.2	PDI-like 1-3	plastid
AT3G55010.1	phosphoribosylformylglycinamidine cyclo-ligase%2C chloroplast / phosphoribosyl-aminoimidazole synthetase / AIR synthase (PUR5)	plastid stroma
AT3G55010.2	phosphoribosylformylglycinamidine cyclo-ligase%2C chloroplast / phosphoribosyl-aminoimidazole synthetase / AIR synthase (PUR5)	plastid stroma
AT3G55040.1	glutathione transferase lambda 2	plastid stroma
AT3G55250.1	calcium homeostasis regulator	thylakoid-peripheral-stromal-side
AT3G55330.1	PsbP-like protein 1	thylakoid-peripheral-lumenal-side
AT3G55400.1	methionyl-tRNA synthetase / methionine-tRNA ligase / MetRS (cpMetRS)	mitochondria; plastid stroma
AT3G55400.2	methionyl-tRNA synthetase / methionine-tRNA ligase / MetRS (cpMetRS)	mitochondria; plastid stroma
AT3G55760.1	hypothetical protein	plastid stroma
AT3G55760.2	hypothetical protein	plastid stroma
AT3G55760.3	hypothetical protein	plastid stroma
AT3G55800.1	sedoheptulose-bisphosphatase	plastid stroma
AT3G56010.1	transmembrane protein	plastid
AT3G56040.1	UDP-glucose pyrophosphorylase 3	plastid
AT3G56090.1	ferritin 3	plastid stroma
AT3G56130.1	biotin/lipoyl attachment domain-containing protein	plastid
AT3G56130.2	biotin/lipoyl attachment domain-containing protein	plastid
AT3G56130.3	biotin/lipoyl attachment domain-containing protein	plastid
AT3G56130.4	biotin/lipoyl attachment domain-containing protein	plastid
AT3G56140.1	DUF399 family protein%2C putative (DUF399 and DUF3411)	envelope-inner-integral
AT3G56160.1	Sodium Bile acid symporter family	envelope-inner-integral
AT3G56330.1	N2%2CN2-dimethylguanosine tRNA methyltransferase	plastid
AT3G56650.1	thylakoid lumenal protein (Mog1/PsbP/DUF1795-like photosystem II reaction center PsbP family protein)	thylakoid-peripheral-lumenal-side
AT3G56690.1	Cam interacting protein 111	plastid
AT3G56710.1	sigma factor binding protein 1	plastid stroma
AT3G56830.1	YCF20-like protein (DUF565)	plastid
AT3G56830.2	YCF20-like protein (DUF565)	plastid
AT3G56830.3	YCF20-like protein (DUF565)	plastid
AT3G56910.1	plastid-specific 50S ribosomal protein 5	plastid ribosome
AT3G56940.1	dicarboxylate diiron protein%2C putative (Crd1)	envelope-inner-peripheral-stromal-side; thylakoid-peripheral-stromal-side
AT3G56940.2	dicarboxylate diiron protein%2C putative (Crd1)	envelope-inner-peripheral-stromal-side; thylakoid-peripheral-stromal-side
AT3G57050.1	cystathionine beta-lyase	plastid
AT3G57050.2	cystathionine beta-lyase	plastid
AT3G57050.3	cystathionine beta-lyase	plastid
AT3G57090.1	Tetratricopeptide repeat (TPR)-like superfamily protein	mitochondria; peroxisome; plastid
AT3G57180.1	P-loop containing nucleoside triphosphate hydrolases superfamily protein	plastid
AT3G57190.1	peptide chain release factor	plastid stroma
AT3G57280.1	Transmembrane proteins 14C	envelope
AT3G57430.1	Tetratricopeptide repeat (TPR)-like superfamily protein	plastid
AT3G57560.1	N-acetyl-l-glutamate kinase	plastid stroma
AT3G57610.1	adenylosuccinate synthase	plastid stroma
AT3G57680.1	Peptidase S41 family protein	thylakoid-peripheral-lumenal-side
AT3G58010.1	plastoglobulin 34kD	plastoglobules
AT3G58140.1	phenylalanyl-tRNA synthetase class IIc family protein	mitochondria; plastid stroma
AT3G58610.1	ketol-acid reductoisomerase	plastid stroma
AT3G58610.2	ketol-acid reductoisomerase	plastid stroma
AT3G58610.3	ketol-acid reductoisomerase	plastid stroma
AT3G58830.1	haloacid dehalogenase (HAD) superfamily protein	plastid
AT3G58990.1	isopropylmalate isomerase 1	plastid stroma
AT3G59040.1	Tetratricopeptide repeat (TPR)-like superfamily protein	plastid nucleoid
AT3G59040.2	Tetratricopeptide repeat (TPR)-like superfamily protein	plastid nucleoid
AT3G59300.1	Pentatricopeptide repeat (PPR) superfamily protein	plastid
AT3G59400.1	protein GENOMES UNCOUPLED 4	plastid
AT3G59780.1	Rhodanese/Cell cycle control phosphatase superfamily protein	thylakoid
AT3G59840.1	allyl alcohol dehydrogenase-like protein	plastid
AT3G59870.1	hypothetical protein	plastid stroma
AT3G59980.1	Nucleic acid-binding%2C OB-fold-like protein	plastid stroma
AT3G60210.1	GroES-like family protein	plastid stroma
AT3G60370.1	FKBP-like peptidyl-prolyl cis-trans isomerase family protein	thylakoid-peripheral-lumenal-side
AT3G60620.1	cytidinediphosphate diacylglycerol synthase 5	plastid
AT3G60750.1	Transketolase	plastid stroma
AT3G60750.2	Transketolase	plastid stroma
AT3G60880.1	dihydrodipicolinate synthase 1	plastid
AT3G60880.2	dihydrodipicolinate synthase 1	plastid
AT3G61080.1	Protein kinase superfamily protein	plastid stroma
AT3G61320.1	Bestrophin-like protein	thylakoid
AT3G61470.1	photosystem I light harvesting complex protein	thylakoid-integral
AT3G61870.1	plant/protein	plastid
AT3G61870.2	plant/protein	plastid
AT3G62030.1	rotamase CYP 4	plastid stroma
AT3G62030.2	rotamase CYP 4	plastid stroma
AT3G62030.3	rotamase CYP 4	plastid stroma
AT3G62410.1	CP12 domain-containing protein 2	plastid stroma
AT3G62530.1	ARM repeat superfamily protein	mitochondria; plastid
AT3G62590.1	alpha/beta-Hydrolases superfamily protein	plastid
AT3G62880.1	Mitochondrial import inner membrane translocase subunit Tim17/Tim22/Tim23 family protein	plastid
AT3G62880.2	Mitochondrial import inner membrane translocase subunit Tim17/Tim22/Tim23 family protein	plastid
AT3G62910.1	Peptide chain release factor 1	plastid
AT3G63110.1	isopentenyltransferase 3	plastid
AT3G63140.1	chloroplast stem-loop binding protein of 41 kDa	plastid stroma
AT3G63160.1	outer envelope membrane protein	envelope-outer-integral
AT3G63170.1	Chalcone-flavanone isomerase family protein	plastid stroma
AT3G63190.1	ribosome recycling factor%2C chloroplast precursor	plastid stroma
AT3G63370.1	Tetratricopeptide repeat (TPR)-like superfamily protein	plastid
AT3G63410.1	S-adenosyl-L-methionine-dependent methyltransferases superfamily protein	envelope-inner-integral
AT3G63490.1	Ribosomal protein L1p/L10e family	plastid ribosome
AT3G63490.2	Ribosomal protein L1p/L10e family	plastid ribosome
AT4G00030.1	Plastid-lipid associated protein PAP / fibrillin family protein	thylakoid-peripheral-stromal-side
AT4G00370.1	Major facilitator superfamily protein	envelope-inner-integral
AT4G00490.1	beta-amylase 2	plastid stroma
AT4G00550.1	digalactosyl diacylglycerol deficient 2	envelope-outer
AT4G00620.1	Amino acid dehydrogenase family protein	plastid stroma
AT4G00630.1	K+ efflux antiporter 2	envelope
AT4G00630.2	K+ efflux antiporter 2	envelope
AT4G01010.1	cyclic nucleotide-gated channel 13	thylakoid
AT4G01030.1	pentatricopeptide (PPR) repeat-containing protein	plastid
AT4G01037.1	Ubiquitin carboxyl-terminal hydrolase family protein	plastid stroma
AT4G01050.1	thylakoid rhodanese-like protein	thylakoid
AT4G01150.1	CURVATURE THYLAKOID 1A-like protein	thylakoid-integral
AT4G01150.2	CURVATURE THYLAKOID 1A-like protein	thylakoid-integral
AT4G01310.1	Ribosomal L5P family protein	plastid ribosome
AT4G01650.1	Polyketide cyclase / dehydrase and lipid transport protein	plastid stroma
AT4G01650.2	Polyketide cyclase / dehydrase and lipid transport protein	plastid stroma
AT4G01690.1	Flavin containing amine oxidoreductase family	plastid
AT4G01690.2	Flavin containing amine oxidoreductase family	plastid
AT4G01800.1	Albino or Glassy Yellow 1	plastid stroma; thylakoid-peripheral-stromal-side
AT4G01800.2	Albino or Glassy Yellow 1	plastid stroma; thylakoid-peripheral-stromal-side
AT4G01883.1	Polyketide cyclase / dehydrase and lipid transport protein	plastid
AT4G01900.1	nitrogen regulatory P-II-like protein	plastid stroma
AT4G01940.1	NFU domain protein 1	plastid stroma
AT4G02260.1	RELA/SPOT homolog 1	plastid
AT4G02260.2	RELA/SPOT homolog 1	plastid
AT4G02260.3	RELA/SPOT homolog 1	plastid
AT4G02510.1	translocon at the outer envelope membrane of chloroplasts 159	envelope-outer
AT4G02520.1	glutathione S-transferase PHI 2	cytosol; plasma membrane; plastid stroma
AT4G02530.1	chloroplast thylakoid lumen protein	thylakoid-peripheral-lumenal-side
AT4G02770.1	photosystem I subunit D-1	thylakoid-peripheral-stromal-side
AT4G02790.1	GTP-binding family protein	plastid stroma
AT4G02990.1	Mitochondrial transcription termination factor family protein	mitochondria; plastid
AT4G03150.1	plant/protein	plastid stroma
AT4G03200.1	catalytics	plastid stroma
AT4G03200.2	catalytics	plastid stroma
AT4G03280.1	photosynthetic electron transfer C	thylakoid-peripheral-lumenal-side
AT4G03280.2	photosynthetic electron transfer C	thylakoid-peripheral-lumenal-side
AT4G03320.1	translocon at the inner envelope membrane of chloroplasts 20-IV	envelope-inner-integral; mitochondria
AT4G03415.1	Protein phosphatase 2C family protein	plastid
AT4G03415.2	Protein phosphatase 2C family protein	plastid
AT4G03520.1	Thioredoxin superfamily protein	plastid stroma; thylakoid-peripheral-stromal-side
AT4G03520.2	Thioredoxin superfamily protein	plastid stroma; thylakoid-peripheral-stromal-side
AT4G04020.1	fibrillin	plastoglobules
AT4G04330.1	Chaperonin-like RbcX protein	plastid stroma
AT4G04350.1	tRNA synthetase class I (I%2C L%2C M and V) family protein	plastid stroma
AT4G04610.1	APS reductase 1	plastid stroma
AT4G04640.1	ATPase%2C F1 complex%2C gamma subunit protein	thylakoid-peripheral-stromal-side
AT4G04770.1	ATP binding cassette protein 1	plastid
AT4G04850.1	K+ efflux antiporter 3	thylakoid-integral
AT4G04850.2	K+ efflux antiporter 3	thylakoid-integral
AT4G05180.1	photosystem II subunit Q-2	thylakoid-peripheral-lumenal-side
AT4G05390.1	root FNR 1	plastid
AT4G05390.2	root FNR 1	plastid
AT4G08280.1	Thioredoxin superfamily protein	plastid
AT4G08390.1	stromal ascorbate peroxidase	mitochondria; plastid stroma
AT4G08390.2	stromal ascorbate peroxidase	mitochondria; plastid stroma
AT4G08390.3	stromal ascorbate peroxidase	mitochondria; plastid stroma
AT4G08390.4	stromal ascorbate peroxidase	mitochondria; plastid stroma
AT4G09010.1	ascorbate peroxidase 4	thylakoid-peripheral-lumenal-side
AT4G09020.1	isoamylase 3	plastid stroma
AT4G09040.1	RNA-binding (RRM/RBD/RNP motifs) family protein	plastid stroma
AT4G09040.2	RNA-binding (RRM/RBD/RNP motifs) family protein	plastid stroma
AT4G09080.1	Outer membrane OMP85 family protein	envelope-outer
AT4G09350.1	Chaperone DnaJ-domain superfamily protein	thylakoid
AT4G09620.1	Mitochondrial transcription termination factor family protein	plastid stroma
AT4G09650.1	F-type H+-transporting ATPase subunit delta	thylakoid-peripheral-stromal-side
AT4G09730.1	RH39	plastid nucleoid
AT4G10000.1	Thioredoxin family protein	plastid
AT4G10000.2	Thioredoxin family protein	plastid
AT4G10300.1	RmlC-like cupins superfamily protein	plastid
AT4G10340.1	light harvesting complex of photosystem II 5	thylakoid-integral
AT4G10750.1	Phosphoenolpyruvate carboxylase family protein	plastid stroma
AT4G11175.1	Nucleic acid-binding%2C OB-fold-like protein	plastid stroma
AT4G11570.1	Haloacid dehalogenase-like hydrolase (HAD) superfamily protein	plastid stroma
AT4G11570.2	Haloacid dehalogenase-like hydrolase (HAD) superfamily protein	plastid stroma
AT4G11910.1	STAY-GREEN-like protein	thylakoid
AT4G11960.1	PGR5-like B	thylakoid-integral
AT4G11960.2	PGR5-like B	thylakoid-integral
AT4G11980.1	nudix hydrolase homolog 14	plastid stroma
AT4G12030.1	bile acid transporter 5	plastid
AT4G12060.1	Double Clp-N motif protein	plastid stroma
AT4G12470.1	azelaic acid induced 1	envelope-outer
AT4G12800.1	photosystem I subunit l	thylakoid-integral
AT4G12830.1	alpha/beta-Hydrolases superfamily protein	plastid
AT4G13010.1	Oxidoreductase%2C zinc-binding dehydrogenase family protein	envelope-inner-peripheral-stromal-side
AT4G13200.1	hypothetical protein	plastoglobules
AT4G13250.1	NAD(P)-binding Rossmann-fold superfamily protein	thylakoid
AT4G13250.2	NAD(P)-binding Rossmann-fold superfamily protein	thylakoid
AT4G13430.1	isopropyl malate isomerase large subunit 1	plastid stroma
AT4G13500.1	transmembrane protein	plastid
AT4G13550.1	putative triglyceride lipase	plastid
AT4G13590.1	Uncharacterized protein family (UPF0016)	envelope-inner
AT4G13590.2	Uncharacterized protein family (UPF0016)	envelope-inner
AT4G13670.1	plastid transcriptionally active 5	plastid nucleoid
AT4G13830.1	DNAJ-like 20	plastid
AT4G13830.2	DNAJ-like 20	plastid
AT4G14070.1	acyl-activating enzyme 15	envelope-inner-peripheral-stromal-side
AT4G14210.1	phytoene desaturase 3	plastid
AT4G14210.2	phytoene desaturase 3	plastid
AT4G14510.1	CRM family member 3B	plastid stroma
AT4G14605.1	Mitochondrial transcription termination factor family protein	plastid
AT4G14680.1	Pseudouridine synthase/archaeosine transglycosylase-like family protein	plastid
AT4G14690.1	Chlorophyll A-B binding family protein	thylakoid-integral
AT4G14870.1	secE/sec61-gamma protein transport protein	thylakoid-integral
AT4G14890.1	2Fe-2S ferredoxin-like superfamily protein	plastid
AT4G15110.1	cytochrome P450%2C family 97%2C subfamily B%2C polypeptide 3	plastid
AT4G15440.1	hydroperoxide lyase 1	envelope-outer
AT4G15510.1	Photosystem II reaction center PsbP family protein	thylakoid-peripheral-lumenal-side
AT4G15510.2	Photosystem II reaction center PsbP family protein	thylakoid-peripheral-lumenal-side
AT4G15510.3	Photosystem II reaction center PsbP family protein	thylakoid-peripheral-lumenal-side
AT4G15530.1	pyruvate orthophosphate dikinase	plastid stroma
AT4G15530.3	pyruvate orthophosphate dikinase	cytosol; plastid stroma
AT4G15530.4	pyruvate orthophosphate dikinase	cytosol; plastid stroma
AT4G15530.5	pyruvate orthophosphate dikinase	cytosol; plastid stroma
AT4G15530.6	pyruvate orthophosphate dikinase	cytosol; plastid stroma
AT4G15560.1	Deoxyxylulose-5-phosphate synthase	plastid stroma
AT4G16060.1	hypothetical protein	plastid stroma
AT4G16155.1	dihydrolipoamide dehydrogenase	plastid
AT4G16160.1	Mitochondrial import inner membrane translocase subunit Tim17/Tim22/Tim23 family protein	plastid
AT4G16160.2	Mitochondrial import inner membrane translocase subunit Tim17/Tim22/Tim23 family protein	plastid
AT4G16390.1	pentatricopeptide (PPR) repeat-containing protein	plastid stroma
AT4G16820.1	alpha/beta-Hydrolases superfamily protein	plastid
AT4G17040.1	CLP protease R subunit 4	plastid stroma
AT4G17090.1	chloroplast beta-amylase	plastid stroma
AT4G17300.1	Class II aminoacyl-tRNA and biotin synthetases superfamily protein	mitochondria; plastid stroma
AT4G17540.1	dynamin	envelope
AT4G17560.1	Ribosomal protein L19 family protein	plastid ribosome
AT4G17600.1	Chlorophyll A-B binding family protein	thylakoid-integral
AT4G17740.1	Peptidase S41 family protein	thylakoid-peripheral-lumenal-side
AT4G17740.2	Peptidase S41 family protein	thylakoid-peripheral-lumenal-side
AT4G17840.1	CAAX protease self-immunity protein	thylakoid-integral
AT4G18240.1	starch synthase 4	plastid
AT4G18350.1	nine-cis-epoxycarotenoid dioxygenase 2	plastid
AT4G18370.1	DEGP protease 5	thylakoid-peripheral-lumenal-side
AT4G18440.1	L-Aspartase-like family protein	plastid stroma
AT4G18480.1	P-loop containing nucleoside triphosphate hydrolases superfamily protein	plastid stroma
AT4G18750.1	Pentatricopeptide repeat (PPR) superfamily protein	plastid
AT4G18810.1	NAD(P)-binding Rossmann-fold superfamily protein	plastid stroma
AT4G18810.2	NAD(P)-binding Rossmann-fold superfamily protein	plastid stroma
AT4G19100.1	PAM68-like protein (DUF3464)	thylakoid
AT4G19170.1	nine-cis-epoxycarotenoid dioxygenase 4	plastoglobules
AT4G19390.1	Uncharacterized protein family (UPF0114)	envelope
AT4G19710.1	aspartate kinase-homoserine dehydrogenase ii	plastid stroma
AT4G19710.2	aspartate kinase-homoserine dehydrogenase ii	plastid stroma
AT4G19985.1	Acyl-CoA N-acyltransferases (NAT) superfamily protein	plastid
AT4G20010.1	plastid transcriptionally active 9	plastid
AT4G20010.2	plastid transcriptionally active 9	plastid
AT4G20130.1	plastid transcriptionally active 14	plastid nucleoid
AT4G20360.1	RAB GTPase homolog E1B	plastid stroma
AT4G20760.1	NAD(P)-binding Rossmann-fold superfamily protein	plastid nucleoid
AT4G20850.1	tripeptidyl peptidase ii	plastid stroma
AT4G20960.1	Cytidine/deoxycytidylate deaminase family protein	plastid
AT4G21190.1	Pentatricopeptide repeat (PPR) superfamily protein	plastid
AT4G21210.1	PPDK regulatory protein	plastid stroma
AT4G21210.2	PPDK regulatory protein	plastid stroma
AT4G21280.1	photosystem II subunit QA	thylakoid-peripheral-lumenal-side
AT4G21280.2	photosystem II subunit QA	thylakoid-peripheral-lumenal-side
AT4G21445.1	receptor-interacting protein	plastid stroma
AT4G21860.1	methionine sulfoxide reductase B 2	plastid stroma
AT4G21860.2	methionine sulfoxide reductase B 2	plastid stroma
AT4G21860.3	methionine sulfoxide reductase B 2	plastid stroma
AT4G21990.1	APS reductase 3	plastid
AT4G21990.2	APS reductase 3	plastid
AT4G22240.1	Plastid-lipid associated protein PAP / fibrillin family protein	plastoglobules
AT4G22260.1	Alternative oxidase family protein	thylakoid-integral
AT4G22840.1	Sodium Bile acid symporter family	envelope-inner-integral
AT4G22890.1	PGR5-LIKE A	thylakoid-integral
AT4G22890.2	PGR5-LIKE A	thylakoid-integral
AT4G22890.3	PGR5-LIKE A	thylakoid-integral
AT4G22890.4	PGR5-LIKE A	thylakoid-integral
AT4G22890.5	PGR5-LIKE A	thylakoid-integral
AT4G22920.1	non-yellowing 1	thylakoid
AT4G22930.1	pyrimidin 4	plastid
AT4G23100.1	glutamate-cysteine ligase	plastid stroma
AT4G23100.2	glutamate-cysteine ligase	plastid stroma
AT4G23100.3	glutamate-cysteine ligase	plastid stroma
AT4G23890.1	NAD(P)H-quinone oxidoreductase subunit S	thylakoid
AT4G23940.1	FtsH extracellular protease family	envelope-inner
AT4G24090.1	homer protein	plastid
AT4G24280.1	chloroplast heat shock protein 70-1	plastid stroma
AT4G24460.1	CRT (chloroquine-resistance transporter)-like transporter 2	plastid
AT4G24620.1	phosphoglucose isomerase 1	plastid stroma
AT4G24620.2	phosphoglucose isomerase 1	plastid stroma
AT4G24750.1	Rhodanese/Cell cycle control phosphatase superfamily protein	plastid
AT4G24770.1	31-kDa RNA binding protein	plastid stroma
AT4G24830.1	arginosuccinate synthase family	plastid stroma
AT4G24830.2	arginosuccinate synthase family	plastid stroma
AT4G24930.1	thylakoid lumenal 17.9 kDa protein%2C chloroplast	thylakoid-peripheral-lumenal-side
AT4G25050.1	acyl carrier protein 4	plastid stroma
AT4G25050.2	acyl carrier protein 4	plastid stroma
AT4G25080.1	magnesium-protoporphyrin IX methyltransferase	plastid
AT4G25080.2	magnesium-protoporphyrin IX methyltransferase	plastid
AT4G25080.3	magnesium-protoporphyrin IX methyltransferase	plastid
AT4G25080.4	magnesium-protoporphyrin IX methyltransferase	plastid
AT4G25080.5	magnesium-protoporphyrin IX methyltransferase	plastid
AT4G25100.1	Fe superoxide dismutase 1	cytosol; plastid stroma
AT4G25100.2	Fe superoxide dismutase 1	cytosol; plastid stroma
AT4G25100.3	Fe superoxide dismutase 1	cytosol; plastid stroma
AT4G25100.4	Fe superoxide dismutase 1	cytosol; plastid stroma
AT4G25100.5	Fe superoxide dismutase 1	cytosol; plastid stroma
AT4G25130.1	peptide met sulfoxide reductase 4	plastid stroma
AT4G25270.1	Tetratricopeptide repeat (TPR)-like superfamily protein	plastid
AT4G25370.1	Double Clp-N motif protein	plastid stroma
AT4G25450.1	non-intrinsic ABC protein 8	envelope-inner-integral
AT4G25450.2	non-intrinsic ABC protein 8	envelope-inner-integral
AT4G25450.3	non-intrinsic ABC protein 8	envelope-inner-integral
AT4G25650.1	ACD1-like protein	envelope-inner
AT4G25650.2	ACD1-like protein	envelope-inner
AT4G25700.1	beta-hydroxylase 1	plastid
AT4G25700.2	beta-hydroxylase 1	plastid
AT4G25910.1	NFU domain protein 3	plastid stroma
AT4G26160.1	atypical CYS HIS rich thioredoxin 1	plastid stroma
AT4G26300.1	Arginyl-tRNA synthetase%2C class Ic	plastid stroma
AT4G26370.1	antitermination NusB domain-containing protein	plastid stroma
AT4G26370.2	antitermination NusB domain-containing protein	plastid stroma
AT4G26500.1	chloroplast sulfur E	plastid
AT4G26555.1	FKBP-like peptidyl-prolyl cis-trans isomerase family protein	plastid
AT4G26670.1	Mitochondrial import inner membrane translocase subunit Tim17/Tim22/Tim23 family protein	envelope-outer
AT4G26900.1	HIS HF	plastid stroma
AT4G27030.1	fatty acid desaturase A	plastid
AT4G27440.1	protochlorophyllide oxidoreductase B	thylakoid-peripheral-stromal-side
AT4G27440.2	protochlorophyllide oxidoreductase B	thylakoid-peripheral-stromal-side
AT4G27600.1	pfkB-like carbohydrate kinase family protein	plastid
AT4G27670.1	heat shock protein 21	plastid stroma
AT4G27700.1	Rhodanese/Cell cycle control phosphatase superfamily protein	thylakoid
AT4G27800.1	thylakoid-associated phosphatase 38	thylakoid-peripheral-stromal-side
AT4G27800.2	thylakoid-associated phosphatase 38	thylakoid-peripheral-stromal-side
AT4G27800.3	thylakoid-associated phosphatase 38	thylakoid-peripheral-stromal-side
AT4G27990.1	YGGT family protein	plastid
AT4G28025.1	hypothetical protein	plastid
AT4G28025.2	hypothetical protein	plastid
AT4G28030.1	Acyl-CoA N-acyltransferases (NAT) superfamily protein	plastid stroma
AT4G28030.2	Acyl-CoA N-acyltransferases (NAT) superfamily protein	plastid stroma
AT4G28210.1	embryo defective 1923	plastid
AT4G28590.1	polyadenylate-binding protein 2-binding protein	plastid nucleoid
AT4G28660.1	photosystem II reaction center PSB28 protein	thylakoid-peripheral-lumenal-side
AT4G28660.2	photosystem II reaction center PSB28 protein	thylakoid-peripheral-lumenal-side
AT4G28706.1	pfkB-like carbohydrate kinase family protein	plastid stroma
AT4G28706.2	pfkB-like carbohydrate kinase family protein	plastid stroma
AT4G28706.3	pfkB-like carbohydrate kinase family protein	plastid stroma
AT4G28730.1	Glutaredoxin family protein	plastid
AT4G28740.1	LOW PSII ACCUMULATION-like protein	thylakoid
AT4G28750.1	Photosystem I reaction centre subunit IV / PsaE protein	thylakoid-peripheral-stromal-side
AT4G29060.1	elongation factor Ts family protein	plastid ribosome
AT4G29060.2	elongation factor Ts family protein	plastid stroma
AT4G29590.1	S-adenosyl-L-methionine-dependent methyltransferases superfamily protein	plastid stroma
AT4G29670.1	atypical CYS HIS rich thioredoxin 2	plastid stroma
AT4G29670.2	atypical CYS HIS rich thioredoxin 2	plastid stroma
AT4G29750.1	CRS1 / YhbY (CRM) domain-containing protein	plastid
AT4G29840.1	Pyridoxal-5'-phosphate-dependent enzyme family protein	plastid stroma
AT4G30490.1	AFG1-like ATPase family protein	mitochondria; plastid
AT4G30580.1	Phospholipid/glycerol acyltransferase family protein	envelope-inner-integral
AT4G30620.1	Putative BCR%2C YbaB family COG0718	plastid stroma
AT4G30690.1	Translation initiation factor 3 protein	plastid stroma
AT4G30690.2	Translation initiation factor 3 protein	plastid stroma
AT4G30720.1	FAD/NAD(P)-binding oxidoreductase family protein	plastid stroma
AT4G30825.1	Tetratricopeptide repeat (TPR)-like superfamily protein	plastid nucleoid
AT4G30910.1	Cytosol aminopeptidase family protein	plastid stroma
AT4G30920.1	Cytosol aminopeptidase family protein	plastid
AT4G30950.1	fatty acid desaturase 6	envelope-inner-integral
AT4G31040.1	CemA-like proton extrusion protein-like protein	plastid
AT4G31050.1	Biotin/lipoate A/B protein ligase family	plastid
AT4G31210.1	DNA topoisomerase%2C type IA%2C core	plastid nucleoid
AT4G31290.1	ChaC-like family protein	plastid
AT4G31390.1	Protein kinase superfamily protein	plastoglobules
AT4G31390.2	Protein kinase superfamily protein	plastoglobules
AT4G31530.1	NAD(P)-binding Rossmann-fold superfamily protein	plastid stroma; thylakoid-peripheral-stromal-side
AT4G31530.2	NAD(P)-binding Rossmann-fold superfamily protein	plastid stroma; thylakoid-peripheral-stromal-side
AT4G31560.1	high chlorophyll fluorescence 153	thylakoid-integral
AT4G31780.1	monogalactosyl diacylglycerol synthase 1	envelope-inner
AT4G31780.2	monogalactosyl diacylglycerol synthase 1	envelope-inner
AT4G31850.1	proton gradient regulation 3	plastid nucleoid
AT4G31870.1	glutathione peroxidase 7	plastid stroma
AT4G31990.1	aspartate aminotransferase 5	plastid stroma
AT4G31990.2	aspartate aminotransferase 5	plastid stroma
AT4G31990.3	aspartate aminotransferase 5	plastid stroma
AT4G31990.4	aspartate aminotransferase 5	plastid stroma
AT4G32250.1	Protein kinase superfamily protein	plastid
AT4G32250.2	Protein kinase superfamily protein	plastid
AT4G32250.3	Protein kinase superfamily protein	plastid
AT4G32260.1	ATPase%2C F0 complex%2C subunit B/B'%2C bacterial/chloroplast	thylakoid-integral
AT4G32400.1	Mitochondrial substrate carrier family protein	envelope-inner-integral; mitochondria
AT4G32520.1	serine hydroxymethyltransferase 3	plastid stroma
AT4G32520.2	serine hydroxymethyltransferase 3	plastid stroma
AT4G32770.1	tocopherol cyclase%2C chloroplast / vitamin E deficient 1 (VTE1) / sucrose export defective 1 (SXD1)	plastoglobules
AT4G32810.1	carotenoid cleavage dioxygenase 8	plastid
AT4G32915.1	glutamyl-tRNA(Gln) amidotransferase subunit C	mitochondria; plastid stroma
AT4G33030.1	sulfoquinovosyldiacylglycerol 1	plastid stroma
AT4G33350.1	Tic22-like family protein	envelope-intermembranespace
AT4G33350.2	Tic22-like family protein	envelope-outer
AT4G33460.1	ABC transporter family protein	envelope
AT4G33470.1	histone deacetylase 14	plastid
AT4G33480.1	BTB/POZ domain protein TNFAIP protein	plastid
AT4G33500.1	Protein phosphatase 2C family protein	plastid stroma
AT4G33510.1	3-deoxy-d-arabino-heptulosonate 7-phosphate synthase	plastid
AT4G33510.2	3-deoxy-d-arabino-heptulosonate 7-phosphate synthase	plastid
AT4G33520.1	P-type ATP-ase 1	envelope-inner
AT4G33520.2	P-type ATP-ase 1	envelope-inner
AT4G33520.3	P-type ATP-ase 1	envelope-inner
AT4G33580.1	beta carbonic anhydrase 5	plastid stroma
AT4G33580.2	beta carbonic anhydrase 5	plastid stroma
AT4G33630.1	UvrB/UvrC domain protein (DUF3506)	thylakoid
AT4G33630.2	UvrB/UvrC domain protein (DUF3506)	thylakoid
AT4G33650.1	dynamin-related protein 3A	envelope-inner
AT4G33650.2	dynamin-related protein 3A	envelope-inner
AT4G33680.1	Pyridoxal phosphate (PLP)-dependent transferases superfamily protein	plastid stroma
AT4G33760.1	tRNA synthetase class II (D%2C K and N) family protein	mitochondria; plastid stroma
AT4G34020.1	Class I glutamine amidotransferase-like superfamily protein	plastid
AT4G34020.2	Class I glutamine amidotransferase-like superfamily protein	plastid
AT4G34090.1	cyclin delta-3	plastid stroma
AT4G34090.2	cyclin delta-3	plastid stroma
AT4G34090.3	cyclin delta-3	plastid stroma
AT4G34120.1	Cystathionine beta-synthase (CBS) family protein	plastid stroma
AT4G34190.1	stress enhanced protein 1	thylakoid-integral
AT4G34200.1	D-3-phosphoglycerate dehydrogenase	plastid
AT4G34240.1	aldehyde dehydrogenase 3I1	envelope
AT4G34240.2	aldehyde dehydrogenase 3I1	envelope
AT4G34350.1	4-hydroxy-3-methylbut-2-enyl diphosphate reductase	plastid stroma
AT4G34620.1	small subunit ribosomal protein 16	mitochondria; plastid ribosome
AT4G34710.1	arginine decarboxylase 2	cytosol; plastid
AT4G34710.2	arginine decarboxylase 2	cytosol; plastid
AT4G34730.1	ribosome-binding factor A family protein	plastid stroma
AT4G34740.1	GLN phosphoribosyl pyrophosphate amidotransferase 2	plastid
AT4G34830.1	Pentatricopeptide repeat (PPR) superfamily protein	plastid
AT4G35080.1	high-affinity nickel-transport family protein	plastid
AT4G35130.1	Tetratricopeptide repeat (TPR)-like superfamily protein	plastid
AT4G35250.1	NAD(P)-binding Rossmann-fold superfamily protein	thylakoid
AT4G35440.1	chloride channel E	thylakoid-integral
AT4G35440.2	chloride channel E	thylakoid-integral
AT4G35630.1	phosphoserine aminotransferase	plastid stroma
AT4G35760.1	NAD(P)H dehydrogenase (quinone)s	thylakoid-integral
AT4G35770.1	Rhodanese/Cell cycle control phosphatase superfamily protein	plastid
AT4G35770.2	Rhodanese/Cell cycle control phosphatase superfamily protein	plastid
AT4G35770.3	Rhodanese/Cell cycle control phosphatase superfamily protein	plastid
AT4G36040.1	Chaperone DnaJ-domain superfamily protein	plastid
AT4G36390.1	Methylthiotransferase	plastid
AT4G36530.1	alpha/beta-Hydrolases superfamily protein	plastid
AT4G36530.2	alpha/beta-Hydrolases superfamily protein	plastid
AT4G36810.1	geranylgeranyl pyrophosphate synthase 1	plastid stroma
AT4G36910.1	Cystathionine beta-synthase (CBS) family protein	plastid stroma
AT4G37000.1	accelerated cell death 2 (ACD2)	mitochondria; thylakoid
AT4G37040.1	methionine aminopeptidase 1D	mitochondria; plastid stroma
AT4G37200.1	Thioredoxin superfamily protein	thylakoid-peripheral-stromal-side
AT4G37270.1	heavy metal atpase 1	envelope
AT4G37510.1	Ribonuclease III family protein	plastid stroma
AT4G37920.1	endoribonuclease E-like protein	plastid
AT4G37925.1	subunit NDH-M of NAD(P)H:plastoquinone dehydrogenase complex	thylakoid
AT4G38020.1	tRNA/rRNA methyltransferase (SpoU) family protein	plastid
AT4G38100.1	CURVATURE THYLAKOID 1D-like protein	thylakoid
AT4G38160.1	Mitochondrial transcription termination factor family protein	mitochondria; plastid stroma
AT4G38160.2	Mitochondrial transcription termination factor family protein	mitochondria; plastid stroma
AT4G38160.3	Mitochondrial transcription termination factor family protein	mitochondria; plastid stroma
AT4G38225.1	glycerol kinase	plastid stroma
AT4G38225.2	glycerol kinase	plastid stroma
AT4G38225.3	glycerol kinase	plastid stroma
AT4G38380.1	MATE efflux family protein	envelope-inner-integral
AT4G38460.1	geranylgeranyl reductase	plastid stroma
AT4G38490.1	transmembrane protein	envelope-inner
AT4G38970.1	fructose-bisphosphate aldolase 2	plastid stroma; plastoglobules
AT4G38970.2	fructose-bisphosphate aldolase 2	plastid stroma; plastoglobules
AT4G39030.1	MATE efflux family protein	envelope
AT4G39040.1	RNA-binding CRS1 / YhbY (CRM) domain protein	plastid stroma
AT4G39040.2	RNA-binding CRS1 / YhbY (CRM) domain protein	plastid stroma
AT4G39120.1	inositol monophosphatase family protein	plastid
AT4G39210.1	Glucose-1-phosphate adenylyltransferase family protein	plastid stroma
AT4G39460.1	S-adenosylmethionine carrier 1	envelope-inner-integral
AT4G39460.2	S-adenosylmethionine carrier 1	envelope-inner-integral
AT4G39620.1	Tetratricopeptide repeat (TPR)-like superfamily protein	plastid
AT4G39620.2	Tetratricopeptide repeat (TPR)-like superfamily protein	plastid
AT4G39710.1	FK506-binding protein 16-2	thylakoid-peripheral-lumenal-side
AT4G39710.2	FK506-binding protein 16-2	thylakoid-peripheral-lumenal-side
AT4G39940.1	APS-kinase 2	plastid
AT4G39960.1	Molecular chaperone Hsp40/DnaJ family protein	thylakoid
AT4G39970.1	Haloacid dehalogenase-like hydrolase (HAD) superfamily protein	plastid stroma
AT4G39980.1	3-deoxy-D-arabino-heptulosonate 7-phosphate synthase 1	plastid
AT5G01220.1	sulfoquinovosyldiacylglycerol 2	envelope
AT5G01500.1	thylakoid ATP/ADP carrier	thylakoid
AT5G01530.1	light harvesting complex photosystem II	thylakoid-integral
AT5G01590.1	histone-lysine N-methyltransferase ATXR3-like protein	envelope
AT5G01600.1	ferretin 1	plastid stroma
AT5G01650.1	Tautomerase/MIF superfamily protein	plastid
AT5G01650.2	Tautomerase/MIF superfamily protein	plastid
AT5G01920.1	Protein kinase superfamily protein	thylakoid-integral
AT5G02120.1	one helix protein	thylakoid-integral
AT5G02160.1	transmembrane protein	thylakoid-integral
AT5G02180.1	Transmembrane amino acid transporter family protein	envelope
AT5G02250.1	Ribonuclease II/R family protein	plastid stroma
AT5G02580.1	argininosuccinate lyase	envelope-outer
AT5G02830.1	Tetratricopeptide repeat (TPR)-like superfamily protein	plastid nucleoid
AT5G02860.1	Pentatricopeptide repeat (PPR) superfamily protein	plastid
AT5G02940.1	ion channel POLLUX-like protein%2C putative (DUF1012)	envelope
AT5G03370.1	acylphosphatase family	plastid stroma
AT5G03420.1	5'-AMP-activated protein kinase-like protein	plastid
AT5G03650.1	starch branching enzyme 2.2	plastid stroma
AT5G03800.1	Pentatricopeptide repeat (PPR) superfamily protein	plastid
AT5G03880.1	Thioredoxin family protein	thylakoid
AT5G03900.1	Iron-sulfur cluster biosynthesis family protein	plastid
AT5G03900.2	Iron-sulfur cluster biosynthesis family protein	plastid
AT5G03910.1	ABC2 homolog 12	envelope
AT5G03940.1	chloroplast signal recognition particle 54 kDa subunit	plastid stroma
AT5G04130.1	DNA GYRASE B2	mitochondria; plastid nucleoid
AT5G04130.2	DNA GYRASE B2	mitochondria; plastid nucleoid
AT5G04140.1	glutamate synthase 1	plastid stroma
AT5G04140.2	glutamate synthase 1	plastid stroma
AT5G04260.1	WCRKC thioredoxin 2	plastid stroma
AT5G04360.1	limit dextrinase	plastid
AT5G04440.1	RAP release 2%2C galactose-binding-like domain protein%2C putative (DUF1997)	plastid stroma
AT5G04490.1	phytol kinase 1 VTE5	plastid
AT5G04590.1	sulfite reductase	plastid stroma
AT5G04740.1	ACT domain-containing protein	plastid stroma
AT5G04740.2	ACT domain-containing protein	plastid stroma
AT5G04810.1	pentatricopeptide (PPR) repeat-containing protein	plastid nucleoid
AT5G04900.1	NYC1-like protein	thylakoid
AT5G05000.1	translocon at the outer envelope membrane of chloroplasts 34	envelope-outer-integral
AT5G05000.2	translocon at the outer envelope membrane of chloroplasts 34	envelope-outer-integral
AT5G05000.3	translocon at the outer envelope membrane of chloroplasts 34	envelope-outer-integral
AT5G05200.1	Protein kinase superfamily protein	plastoglobules
AT5G05580.1	fatty acid desaturase 8	envelope-inner-integral
AT5G05580.2	fatty acid desaturase 8	envelope-inner-integral
AT5G05590.1	phosphoribosylanthranilate isomerase 2	plastid stroma
AT5G05590.2	phosphoribosylanthranilate isomerase 2	plastid stroma
AT5G05730.1	anthranilate synthase alpha subunit 1	plastid stroma
AT5G05730.2	anthranilate synthase alpha subunit 1	plastid stroma
AT5G05740.1	ethylene-dependent gravitropism-deficient and yellow-green-like 2	thylakoid
AT5G05740.2	ethylene-dependent gravitropism-deficient and yellow-green-like 2	thylakoid
AT5G05740.3	ethylene-dependent gravitropism-deficient and yellow-green-like 2	thylakoid
AT5G05980.1	DHFS-FPGS homolog B	plastid
AT5G05980.2	DHFS-FPGS homolog B	plastid
AT5G06130.1	chaperone protein dnaJ-like protein	plastid
AT5G06130.2	chaperone protein dnaJ-like protein	plastid
AT5G06220.1	LETM1-like protein	plastid
AT5G06220.2	LETM1-like protein	plastid
AT5G06290.1	2-cysteine peroxiredoxin B	plastid stroma
AT5G06340.1	nudix hydrolase homolog 27	plastid
AT5G06690.1	WCRKC thioredoxin 1	plastid stroma
AT5G06690.2	WCRKC thioredoxin 1	plastid stroma
AT5G07020.1	proline-rich family protein	thylakoid
AT5G08050.1	wiskott-aldrich syndrome family protein%2C putative (DUF1118)	thylakoid
AT5G08280.1	hydroxymethylbilane synthase	plastid stroma
AT5G08340.1	Nucleotidylyl transferase superfamily protein	plastid
AT5G08340.2	Nucleotidylyl transferase superfamily protein	plastid
AT5G08410.1	ferredoxin/thioredoxin reductase subunit A (variable subunit) 2	plastid stroma
AT5G08415.1	Radical SAM superfamily protein	plastid
AT5G08540.1	ribosomal RNA small subunit methyltransferase J	envelope-inner
AT5G08610.1	P-loop containing nucleoside triphosphate hydrolases superfamily protein	plastid nucleoid
AT5G08650.1	Small GTP-binding protein	plastid stroma
AT5G08720.1	polyketide cyclase/dehydrase/lipid transporter	plastid stroma
AT5G08740.1	NAD(P)H dehydrogenase C1	mitochondria; plastoglobules
AT5G09650.1	pyrophosphorylase 6	plastid stroma; thylakoid-peripheral-stromal-side
AT5G09790.1	TRITHORAX-RELATED PROTEIN 5	nucleus; plastid
AT5G09820.1	Plastid-lipid associated protein PAP / fibrillin family protein	thylakoid-peripheral-stromal-side
AT5G09820.2	Plastid-lipid associated protein PAP / fibrillin family protein	thylakoid-peripheral-stromal-side
AT5G10160.1	Thioesterase superfamily protein	plastid stroma
AT5G10330.1	histidinol phosphate aminotransferase 1	plastid stroma
AT5G10330.2	histidinol phosphate aminotransferase 1	plastid stroma
AT5G10330.3	histidinol phosphate aminotransferase 1	plastid stroma
AT5G10490.1	MSCS-like 2	envelope
AT5G10490.2	MSCS-like 2	envelope
AT5G10490.3	MSCS-like 2	envelope
AT5G10620.1	methyltransferase	plastid
AT5G10690.1	pentatricopeptide (PPR) repeat-containing protein / CBS domain-containing protein	plastid nucleoid
AT5G10910.1	mraW methylase family protein	plastid
AT5G10920.1	L-Aspartase-like family protein	plastid
AT5G11450.1	PsbP domain protein (Mog1/PsbP/DUF1795-like photosystem II reaction center PsbP family protein)	thylakoid-peripheral-lumenal-side
AT5G11480.1	P-loop containing nucleoside triphosphate hydrolases superfamily protein	plastid
AT5G11880.1	Pyridoxal-dependent decarboxylase family protein	plastid stroma
AT5G12040.1	Nitrilase/cyanide hydratase and apolipoprotein N-acyltransferase family protein	plastid stroma
AT5G12040.2	Nitrilase/cyanide hydratase and apolipoprotein N-acyltransferase family protein	plastid stroma
AT5G12130.1	integral membrane TerC family protein	thylakoid-integral
AT5G12170.2	CRT (chloroquine-resistance transporter)-like transporter 3	plastid
AT5G12470.1	UvrABC system C protein%2C putative (DUF3411)	envelope-inner-integral
AT5G12860.1	dicarboxylate transporter 1	envelope-inner-integral
AT5G12860.2	dicarboxylate transporter 1	envelope-inner-integral
AT5G13030.1	selenoprotein O	plastid stroma
AT5G13110.1	glucose-6-phosphate dehydrogenase 2	plastid stroma
AT5G13120.1	cyclophilin 20-2	thylakoid-peripheral-lumenal-side
AT5G13120.2	cyclophilin 20-2	thylakoid-peripheral-lumenal-side
AT5G13270.1	Pentatricopeptide repeat (PPR) superfamily protein	plastid nucleoid
AT5G13280.1	aspartate kinase 1	plastid stroma
AT5G13390.1	no exine formation 1	plastid
AT5G13410.1	FKBP-like peptidyl-prolyl cis-trans isomerase family protein	thylakoid-peripheral-lumenal-side
AT5G13420.1	Aldolase-type TIM barrel family protein	plastid stroma
AT5G13510.1	Ribosomal protein L10 family protein	plastid ribosome
AT5G13530.1	protein kinases%3Bubiquitin-protein ligase	envelope-outer
AT5G13530.2	protein kinases%3Bubiquitin-protein ligase	envelope-outer
AT5G13630.1	magnesium-chelatase subunit chlH%2C chloroplast%2C putative / Mg-protoporphyrin IX chelatase%2C putative (CHLH)	plastid
AT5G13630.2	magnesium-chelatase subunit chlH%2C chloroplast%2C putative / Mg-protoporphyrin IX chelatase%2C putative (CHLH)	plastid
AT5G13650.1	elongation factor family protein	plastid stroma
AT5G13650.2	elongation factor family protein	plastid stroma
AT5G13720.1	Uncharacterized protein family (UPF0114)	plastid
AT5G13730.1	sigma factor 4	plastid
AT5G13770.1	Pentatricopeptide repeat (PPR-like) superfamily protein	plastid nucleoid
AT5G13800.1	pheophytinase	plastoglobules
AT5G13800.2	pheophytinase	plastoglobules
AT5G14060.1	Aspartate kinase family protein	plastid stroma
AT5G14100.1	non-intrinsic ABC protein 14	envelope-inner
AT5G14200.1	isopropylmalate dehydrogenase 1	plastid stroma
AT5G14200.2	isopropylmalate dehydrogenase 1	plastid stroma
AT5G14200.3	isopropylmalate dehydrogenase 1	plastid stroma
AT5G14260.1	Rubisco methyltransferase family protein	plastid stroma
AT5G14260.2	Rubisco methyltransferase family protein	plastid stroma
AT5G14260.3	Rubisco methyltransferase family protein	plastid stroma
AT5G14320.1	Ribosomal protein S13/S18 family	plastid ribosome
AT5G14320.2	Ribosomal protein S13/S18 family	plastid ribosome
AT5G14460.1	Pseudouridine synthase family protein	plastid stroma
AT5G14660.1	peptide deformylase 1B	mitochondria; plastid stroma
AT5G14660.2	peptide deformylase 1B	mitochondria; plastid stroma
AT5G14740.1	carbonic anhydrase 2	plastid stroma
AT5G14740.2	carbonic anhydrase 2	plastid stroma
AT5G14740.3	carbonic anhydrase 2	plastid stroma
AT5G14740.4	carbonic anhydrase 2	plastid stroma
AT5G14740.5	carbonic anhydrase 2	plastid stroma
AT5G14760.1	L-aspartate oxidase	plastid
AT5G14910.1	Heavy metal transport/detoxification superfamily protein	plastid stroma
AT5G15250.1	FTSH protease 6	thylakoid-integral
AT5G15250.2	FTSH protease 6	thylakoid-integral
AT5G15450.1	casein lytic proteinase B3	plastid stroma
AT5G15530.1	biotin carboxyl carrier protein 2	envelope-inner-peripheral-stromal-side
AT5G15700.1	DNA/RNA polymerases superfamily protein	mitochondria; plastid
AT5G15760.1	Ribosomal protein PSRP-3/Ycf65	plastid ribosome
AT5G16010.1	3-oxo-5-alpha-steroid 4-dehydrogenase family protein	envelope
AT5G16140.1	Peptidyl-tRNA hydrolase family protein	plastid
AT5G16140.2	Peptidyl-tRNA hydrolase family protein	plastid
AT5G16150.1	plastidic GLC translocator	envelope-inner-integral
AT5G16150.2	plastidic GLC translocator	envelope-inner-integral
AT5G16150.3	plastidic GLC translocator	envelope-inner-integral
AT5G16180.1	maize chloroplast splicing factor-like protein	plastid
AT5G16290.1	VALINE-TOLERANT 1	plastid
AT5G16290.2	VALINE-TOLERANT 1	plastid
AT5G16390.1	chloroplastic acetylcoenzyme A carboxylase 1	envelope-inner-peripheral-stromal-side; plastid stroma
AT5G16390.2	chloroplastic acetylcoenzyme A carboxylase 1	envelope-inner-peripheral-stromal-side; plastid stroma
AT5G16400.1	thioredoxin F2	plastid stroma
AT5G16440.1	isopentenyl diphosphate isomerase 1	cytosol; plastid stroma
AT5G16620.1	hydroxyproline-rich glycoprotein family protein	envelope-inner-integral
AT5G16660.1	Low-density receptor-like protein	plastid
AT5G16660.2	Low-density receptor-like protein	plastid
AT5G16710.1	dehydroascorbate reductase 1	plastid stroma
AT5G16715.1	protein EMBRYO DEFECTIVE 2247	plastid stroma
AT5G17170.1	rubredoxin family protein	thylakoid
AT5G17170.2	rubredoxin family protein	thylakoid
AT5G17230.1	PHYTOENE SYNTHASE	plastid
AT5G17230.2	PHYTOENE SYNTHASE	plastid
AT5G17230.3	PHYTOENE SYNTHASE	plastid
AT5G17520.1	root cap 1 (RCP1)	envelope-inner-integral
AT5G17530.1	phosphoglucosamine mutase family protein	plastid stroma
AT5G17530.2	phosphoglucosamine mutase family protein	plastid stroma
AT5G17530.3	phosphoglucosamine mutase family protein	plastid stroma
AT5G17560.1	BolA-like family protein	plastid stroma
AT5G17660.1	tRNA (guanine-N-7) methyltransferase	mitochondria; plastid
AT5G17670.1	alpha/beta-Hydrolases superfamily protein	envelope
AT5G17710.1	Co-chaperone GrpE family protein	plastid stroma
AT5G17710.2	Co-chaperone GrpE family protein	plastid stroma
AT5G17790.1	zinc finger (Ran-binding) family protein	plastid
AT5G17870.1	plastid-specific 50S ribosomal protein 6	plastid ribosome
AT5G17990.1	tryptophan biosynthesis 1	plastid stroma
AT5G18570.1	GTP1/OBG family protein	envelope-inner; plastid stroma
AT5G18660.1	NAD(P)-binding Rossmann-fold superfamily protein	plastid
AT5G18820.1	TCP-1/cpn60 chaperonin family protein	plastid stroma
AT5G19040.1	isopentenyltransferase 5	plastid
AT5G19210.1	P-loop containing nucleoside triphosphate hydrolases superfamily protein	plastid
AT5G19210.2	P-loop containing nucleoside triphosphate hydrolases superfamily protein	plastid
AT5G19220.1	ADP glucose pyrophosphorylase large subunit 1	plastid stroma
AT5G19370.1	rhodanese-like domain-containing protein / PPIC-type PPIASE domain-containing protein	plastid
AT5G19380.1	CRT (chloroquine-resistance transporter)-like transporter 1	plastid
AT5G19460.1	nudix hydrolase homolog 20	plastid
AT5G19470.1	nudix hydrolase homolog 24	plastid
AT5G19500.1	Tryptophan/tyrosine permease	envelope-inner-integral
AT5G19540.1	thermosome subunit gamma	plastid stroma
AT5G19620.1	outer envelope protein of 80 kDa	envelope-outer-integral
AT5G19750.1	Peroxisomal membrane 22 kDa (Mpv17/PMP22) family protein	plastid
AT5G19855.1	Chaperonin-like RbcX protein	plastid stroma
AT5G19940.1	Plastid-lipid associated protein PAP / fibrillin family protein	thylakoid-peripheral-stromal-side
AT5G19940.2	Plastid-lipid associated protein PAP / fibrillin family protein	thylakoid-peripheral-stromal-side
AT5G20140.1	SOUL heme-binding family protein	thylakoid
AT5G20140.2	SOUL heme-binding family protein	thylakoid
AT5G20250.1	Raffinose synthase family protein	plastid stroma
AT5G20250.2	Raffinose synthase family protein	plastid stroma
AT5G20250.3	Raffinose synthase family protein	plastid stroma
AT5G20250.4	Raffinose synthase family protein	plastid stroma
AT5G20380.1	phosphate transporter 4%3B5	plastid
AT5G20410.1	monogalactosyldiacylglycerol synthase 2	envelope-outer
AT5G20720.1	chaperonin 20	plastid stroma
AT5G20720.2	chaperonin 20	plastid stroma
AT5G20720.3	chaperonin 20	plastid stroma
AT5G20935.1	DUF3148 family protein	plastid stroma
AT5G20980.1	methionine synthase 3	plastid stroma
AT5G20980.2	methionine synthase 3	plastid stroma
AT5G21222.1	protein kinase family protein	plastid nucleoid
AT5G21430.1	Chaperone DnaJ-domain superfamily protein	thylakoid-integral
AT5G21430.2	Chaperone DnaJ-domain superfamily protein	thylakoid-integral
AT5G21930.1	P-type ATPase of Arabidopsis 2	thylakoid-integral
AT5G21930.2	P-type ATPase of Arabidopsis 2	thylakoid-integral
AT5G21930.3	P-type ATPase of Arabidopsis 2	thylakoid-integral
AT5G21990.1	Tetratricopeptide repeat (TPR)-like superfamily protein	envelope-outer
AT5G22510.1	alkaline/neutral invertase	plastid stroma
AT5G22620.1	phosphoglycerate/bisphosphoglycerate mutase family protein	plastid stroma
AT5G22620.2	phosphoglycerate/bisphosphoglycerate mutase family protein	plastid stroma
AT5G22620.3	phosphoglycerate/bisphosphoglycerate mutase family protein	plastid stroma
AT5G22630.1	arogenate dehydratase 5	plastid stroma
AT5G22640.1	MORN (Membrane Occupation and Recognition Nexus) repeat-containing protein	envelope
AT5G22640.2	MORN (Membrane Occupation and Recognition Nexus) repeat-containing protein	envelope
AT5G22790.1	reticulata-related 1	envelope-inner-integral
AT5G22800.1	Alanyl-tRNA synthetase%2C class IIc	mitochondria; plastid stroma
AT5G22830.1	magnesium (Mg) transporter 10	envelope-inner-integral
AT5G23020.1	2-isopropylmalate synthase 2	plastid
AT5G23040.1	cell growth defect factor-like protein (DUF3353)	envelope; mitochondria
AT5G23060.1	calcium sensing receptor	mitochondria; thylakoid-integral
AT5G23120.1	photosystem II stability/assembly factor%2C chloroplast (HCF136)	thylakoid-peripheral-lumenal-side
AT5G23310.1	Fe superoxide dismutase 3	plastid
AT5G23330.1	Nucleotidylyl transferase superfamily protein	plastid
AT5G23440.1	ferredoxin/thioredoxin reductase subunit A (variable subunit) 1	plastid stroma
AT5G23890.1	GPI-anchored adhesin-like protein	envelope-inner-integral
AT5G24020.1	septum site-determining protein (MIND)	envelope-inner; plastid stroma
AT5G24060.1	Pentatricopeptide repeat (PPR) superfamily protein	plastid
AT5G24060.2	Pentatricopeptide repeat (PPR) superfamily protein	plastid
AT5G24120.1	sigma factor E	plastid stroma
AT5G24300.1	Glycogen/starch synthases%2C ADP-glucose type	plastid stroma
AT5G24300.2	Glycogen/starch synthases%2C ADP-glucose type	plastid stroma
AT5G24314.1	plastid transcriptionally active7	plastid nucleoid
AT5G24314.2	plastid transcriptionally active7	plastid nucleoid
AT5G24400.1	NagB/RpiA/CoA transferase-like superfamily protein	plastid stroma
AT5G24490.1	30S ribosomal protein	plastid ribosome
AT5G24650.1	Mitochondrial import inner membrane translocase subunit Tim17/Tim22/Tim23 family protein	envelope-inner-integral; mitochondria
AT5G24690.1	plant/protein%2C putative (DUF3411)	envelope
AT5G24850.1	cryptochrome 3	plastid nucleoid
AT5G25752.1	rhomboid-like protein 11 	envelope-inner-integral
AT5G25900.1	GA requiring 3	envelope-outer
AT5G26030.1	ferrochelatase 1	plastid
AT5G26030.2	ferrochelatase 1	plastid
AT5G26570.1	chloroplastidic phosphoglucan%2C water dikinase (ATGWD3)	plastid stroma
AT5G26570.2	chloroplastidic phosphoglucan%2C water dikinase (ATGWD3)	plastid stroma
AT5G26742.1	DEAD box RNA helicase (RH3)	plastid nucleoid
AT5G26742.2	DEAD box RNA helicase (RH3)	plastid nucleoid
AT5G26742.3	DEAD box RNA helicase (RH3)	plastid nucleoid
AT5G26820.1	iron-regulated protein 3	envelope-inner-integral
AT5G26940.1	Polynucleotidyl transferase%2C ribonuclease H-like superfamily protein	mitochondria; plastid
AT5G26940.2	Polynucleotidyl transferase%2C ribonuclease H-like superfamily protein	mitochondria; plastid
AT5G26940.3	Polynucleotidyl transferase%2C ribonuclease H-like superfamily protein	mitochondria; plastid
AT5G26940.4	Polynucleotidyl transferase%2C ribonuclease H-like superfamily protein	mitochondria; plastid
AT5G27270.1	Tetratricopeptide repeat (TPR)-like superfamily protein	plastid
AT5G27290.1	stress regulated protein	plastid
AT5G27290.2	stress regulated protein	plastid
AT5G27380.1	glutathione synthetase 2	cytosol; plastid stroma
AT5G27390.1	tagatose-6-phosphate ketose/aldose isomerase%2C putative (Mog1/PsbP/DUF1795-like photosystem II reaction center PsbP family protein)	plastid
AT5G27560.1	DUF1995 domain protein%2C putative (DUF1995)	plastid
AT5G28500.1	rubisco accumulation factor-like protein	plastid stroma
AT5G28500.2	rubisco accumulation factor-like protein	plastid stroma
AT5G28750.1	Bacterial sec-independent translocation protein mttA/Hcf106	thylakoid-integral
AT5G30510.1	ribosomal protein S1	plastid ribosome
AT5G33320.1	Glucose-6-phosphate/phosphate translocator-like protein	envelope-inner-integral
AT5G34930.1	arogenate dehydrogenase	plastid stroma
AT5G35100.1	Cyclophilin-like peptidyl-prolyl cis-trans isomerase family protein	plastid
AT5G35100.2	Cyclophilin-like peptidyl-prolyl cis-trans isomerase family protein	plastid
AT5G35170.1	adenylate kinase family protein	plastid
AT5G35170.2	adenylate kinase family protein	plastid
AT5G35210.1	PHD type transcription factor with transmembrane domain protein (PTM)	envelope-outer; nucleus
AT5G35210.2	PHD type transcription factor with transmembrane domain protein (PTM)	envelope-outer; nucleus
AT5G35220.1	Peptidase M50 family protein	thylakoid-integral
AT5G35360.1	acetyl Co-enzyme a carboxylase biotin carboxylase subunit	envelope-inner-peripheral-stromal-side
AT5G35360.2	acetyl Co-enzyme a carboxylase biotin carboxylase subunit	envelope-inner-peripheral-stromal-side
AT5G35360.3	acetyl Co-enzyme a carboxylase biotin carboxylase subunit	envelope-inner-peripheral-stromal-side
AT5G35630.1	glutamine synthetase 2	plastid stroma
AT5G35630.2	glutamine synthetase 2	plastid stroma
AT5G35630.3	glutamine synthetase 2	plastid stroma
AT5G35790.1	glucose-6-phosphate dehydrogenase 1	plastid stroma
AT5G35970.1	P-loop containing nucleoside triphosphate hydrolases superfamily protein	plastid stroma
AT5G36120.1	cofactor assembly%2C complex C (B6F)	thylakoid-integral
AT5G36170.1	high chlorophyll fluorescent 109	plastid
AT5G36170.2	high chlorophyll fluorescent 109	plastid
AT5G36170.3	high chlorophyll fluorescent 109	plastid
AT5G36700.1	2-phosphoglycolate phosphatase 1	plastid stroma
AT5G36700.2	2-phosphoglycolate phosphatase 1	plastid stroma
AT5G36700.3	2-phosphoglycolate phosphatase 1	plastid stroma
AT5G36700.4	2-phosphoglycolate phosphatase 1	plastid stroma
AT5G36790.1	Haloacid dehalogenase-like hydrolase (HAD) superfamily protein	plastid stroma
AT5G36790.2	Haloacid dehalogenase-like hydrolase (HAD) superfamily protein	plastid stroma
AT5G36790.3	Haloacid dehalogenase-like hydrolase (HAD) superfamily protein	plastid stroma
AT5G36880.1	acetyl-CoA synthetase	plastid stroma
AT5G36880.2	acetyl-CoA synthetase	plastid stroma
AT5G36950.1	DegP protease 10	mitochondria; plastid
AT5G37360.1	LOW protein: ammonium transporter 1-like protein	thylakoid
AT5G38290.1	Peptidyl-tRNA hydrolase family protein	plastid stroma
AT5G38290.2	Peptidyl-tRNA hydrolase family protein	plastid stroma
AT5G38410.1	Ribulose bisphosphate carboxylase (small chain) family protein	plastid stroma
AT5G38410.2	Ribulose bisphosphate carboxylase (small chain) family protein	plastid stroma
AT5G38410.3	Ribulose bisphosphate carboxylase (small chain) family protein	plastid stroma
AT5G38420.1	Ribulose bisphosphate carboxylase (small chain) family protein	plastid stroma
AT5G38430.1	Ribulose bisphosphate carboxylase (small chain) family protein	plastid stroma
AT5G38520.1	alpha/beta-Hydrolases superfamily protein	thylakoid
AT5G38520.2	alpha/beta-Hydrolases superfamily protein	thylakoid
AT5G38530.1	tryptophan synthase beta type 2	plastid stroma
AT5G38660.1	acclimation of photosynthesis to environment	thylakoid
AT5G38660.2	acclimation of photosynthesis to environment	thylakoid
AT5G39210.1	chlororespiratory reduction 7	plastid stroma
AT5G39790.1	PROTEIN TARGETING TO STARCH (PTST)	plastid
AT5G39830.1	Trypsin family protein with PDZ domain-containing protein	thylakoid-peripheral-lumenal-side
AT5G39830.2	Trypsin family protein with PDZ domain-containing protein	thylakoid-peripheral-lumenal-side
AT5G39940.1	FAD/NAD(P)-binding oxidoreductase family protein	plastid
AT5G39940.2	FAD/NAD(P)-binding oxidoreductase family protein	plastid
AT5G39960.1	GTP-binding protein	plastid
AT5G39980.1	Tetratricopeptide repeat (TPR)-like superfamily protein	plastid nucleoid
AT5G40160.1	Ankyrin repeat family protein	plastid stroma
AT5G40560.1	protease Do-like protein	plastid
AT5G40850.1	urophorphyrin methylase 1	plastid
AT5G40850.2	urophorphyrin methylase 1	plastid
AT5G40870.1	uridine kinase/uracil phosphoribosyltransferase 1	plastid
AT5G40950.1	ribosomal protein large subunit 27	plastid ribosome
AT5G41120.1	Esterase/lipase/thioesterase family protein	plastoglobules
AT5G42070.1	hypothetical protein	plastid
AT5G42080.1	dynamin-like protein	cytosol; plasma membrane; thylakoid
AT5G42080.2	dynamin-like protein	cytosol; plasma membrane; thylakoid
AT5G42080.3	dynamin-like protein	cytosol; plasma membrane; thylakoid; thylakoid
AT5G42130.1	Mitochondrial substrate carrier family protein	envelope-inner-integral
AT5G42270.1	FtsH extracellular protease family	thylakoid-integral
AT5G42310.1	Pentatricopeptide repeat (PPR-like) superfamily protein	plastid stroma
AT5G42390.1	Insulinase (Peptidase family M16) family protein	plastid stroma
AT5G42480.1	Chaperone DnaJ-domain superfamily protein	envelope-inner
AT5G42650.1	allene oxide synthase	thylakoid
AT5G42765.1	plasma membrane fusion protein	thylakoid
AT5G42960.1	outer envelope pore 24B-like protein	envelope-outer
AT5G43050.1	YCF20-like protein (DUF565)	plastid
AT5G43745.1	ion channel POLLUX-like protein%2C putative (DUF1012)	plastid
AT5G43750.1	NAD(P)H dehydrogenase 18	thylakoid-integral
AT5G43780.1	Pseudouridine synthase/archaeosine transglycosylase-like family protein	plastid
AT5G44000.1	Glutathione S-transferase family protein	plastid
AT5G44520.1	NagB/RpiA/CoA transferase-like superfamily protein	plastid stroma
AT5G44590.1	S-adenosyl-L-methionine-dependent methyltransferases superfamily protein	plastid
AT5G44600.1	S-adenosyl-L-methionine-dependent methyltransferases superfamily protein	plastid
AT5G44650.1	death domain associated protein	thylakoid
AT5G45040.1	Cytochrome c	thylakoid-peripheral-lumenal-side
AT5G45170.1	Haloacid dehalogenase-like hydrolase (HAD) superfamily protein	plastid stroma
AT5G45390.1	CLP protease P4	plastid stroma
AT5G45680.1	FK506-binding protein 13	thylakoid-peripheral-lumenal-side
AT5G45760.1	Transducin/WD40 repeat-like superfamily protein	plastid
AT5G45930.1	magnesium chelatase i2	plastid stroma
AT5G46110.1	Glucose-6-phosphate/phosphate translocator-like protein	envelope-inner-integral
AT5G46110.2	Glucose-6-phosphate/phosphate translocator-like protein	envelope-inner-integral
AT5G46110.3	Glucose-6-phosphate/phosphate translocator-like protein	envelope-inner-integral
AT5G46110.4	Glucose-6-phosphate/phosphate translocator-like protein	envelope-inner-integral
AT5G46290.1	3-ketoacyl-acyl carrier protein synthase I	plastid stroma
AT5G46290.2	3-ketoacyl-acyl carrier protein synthase I	plastid stroma
AT5G46290.3	3-ketoacyl-acyl carrier protein synthase I	plastid stroma
AT5G46390.1	Peptidase S41 family protein	thylakoid-peripheral-lumenal-side
AT5G46390.2	Peptidase S41 family protein	thylakoid-peripheral-lumenal-side
AT5G46420.1	16S rRNA processing protein RimM family	plastid stroma
AT5G46580.1	pentatricopeptide (PPR) repeat-containing protein	plastid nucleoid
AT5G47110.1	Chlorophyll A-B binding family protein	thylakoid-integral
AT5G47190.1	Ribosomal protein L19 family protein	plastid ribosome
AT5G47760.1	2-phosphoglycolate phosphatase 2	plastid stroma
AT5G47840.1	adenosine monophosphate kinase	plastid stroma
AT5G47860.1	Gut esterase (DUF1350)	plastid
AT5G47870.1	cobalt ion-binding protein	plastid
AT5G48220.1	Aldolase-type TIM barrel family protein	plastid stroma
AT5G48220.2	Aldolase-type TIM barrel family protein	plastid stroma
AT5G48220.3	Aldolase-type TIM barrel family protein	plastid stroma
AT5G48300.1	ADP glucose pyrophosphorylase 1	plastid stroma
AT5G48440.1	FAD-dependent oxidoreductase family protein	plastid stroma
AT5G48440.2	FAD-dependent oxidoreductase family protein	plastid stroma
AT5G48470.1	hypothetical protein	plastid
AT5G48730.1	Pentatricopeptide repeat (PPR) superfamily protein	plastid
AT5G48790.1	LOW PSII ACCUMULATION protein (DUF1995)	thylakoid
AT5G48910.1	Pentatricopeptide repeat (PPR) superfamily protein	plastid stroma
AT5G48960.1	HAD-superfamily hydrolase%2C subfamily IG%2C 5'-nucleotidase	plastid stroma
AT5G49030.1	tRNA synthetase class I (I%2C L%2C M and V) family protein	plastid stroma
AT5G49030.2	tRNA synthetase class I (I%2C L%2C M and V) family protein	plastid stroma
AT5G49030.3	tRNA synthetase class I (I%2C L%2C M and V) family protein	plastid stroma
AT5G49740.1	ferric reduction oxidase 7	plastid
AT5G49820.1	root UVB sensitive protein (Protein of unknown function%2C DUF647)	plastid
AT5G49910.1	chloroplast heat shock protein 70-2	plastid stroma
AT5G49940.1	NIFU-like protein 2	plastid stroma
AT5G49940.2	NIFU-like protein 2	plastid stroma
AT5G49970.1	pyridoxin (pyrodoxamine) 5'-phosphate oxidase	plastid
AT5G49970.2	pyridoxin (pyrodoxamine) 5'-phosphate oxidase	plastid
AT5G50210.1	quinolinate synthase	plastid stroma
AT5G50250.1	chloroplast RNA-binding protein 31B	plastid stroma
AT5G50280.1	Pentatricopeptide repeat (PPR) superfamily protein	plastid nucleoid
AT5G50920.1	CLPC homologue 1	envelope-inner-peripheral-stromal-side; plastid stroma
AT5G51020.1	crumpled leaf	envelope-outer
AT5G51070.1	Clp ATPase	plastid stroma
AT5G51100.1	Fe superoxide dismutase 2	plastid stroma
AT5G51110.1	Transcriptional coactivator/pterin dehydratase	plastid stroma
AT5G51110.2	Transcriptional coactivator/pterin dehydratase	plastid stroma
AT5G51545.1	low psii accumulation2	thylakoid-integral
AT5G51720.1	2 iron%2C 2 sulfur cluster binding protein	plastid
AT5G51820.1	phosphoglucomutase	plastid stroma
AT5G52010.1	C2H2-like zinc finger protein	plastid
AT5G52100.1	Dihydrodipicolinate reductase%2C bacterial/plant	plastid stroma
AT5G52110.1	chaperone (DUF2930)	thylakoid-integral
AT5G52110.2	chaperone (DUF2930)	thylakoid-integral
AT5G52410.1	oxidoreductase/transition metal ion-binding protein	envelope
AT5G52410.2	oxidoreductase/transition metal ion-binding protein	envelope
AT5G52440.1	Bacterial sec-independent translocation protein mttA/Hcf106	thylakoid-integral
AT5G52520.1	Class II aaRS and biotin synthetases superfamily protein	mitochondria; plastid stroma
AT5G52540.1	keratin-associated protein%2C putative (DUF819)	envelope
AT5G52570.1	beta-carotene hydroxylase 2	plastid
AT5G52780.1	transmembrane protein%2C putative (DUF3464)	thylakoid
AT5G52920.1	plastidic pyruvate kinase beta subunit 1	plastid stroma
AT5G52960.1	tRNA dimethylallyltransferase	plastid stroma
AT5G52970.1	thylakoid lumen 15.0 kDa protein	thylakoid-peripheral-lumenal-side
AT5G53080.1	Tetratricopeptide repeat (TPR)-like superfamily protein	plastid
AT5G53170.1	FTSH protease 11	envelope
AT5G53280.1	plastid division1	envelope-outer-integral
AT5G53460.1	NADH-dependent glutamate synthase 1	plastid stroma
AT5G53460.2	NADH-dependent glutamate synthase 1	plastid stroma
AT5G53460.3	NADH-dependent glutamate synthase 1	plastid stroma
AT5G53490.1	Tetratricopeptide repeat (TPR)-like superfamily protein	thylakoid-peripheral-lumenal-side
AT5G53490.2	Tetratricopeptide repeat (TPR)-like superfamily protein	thylakoid-peripheral-lumenal-side
AT5G53490.3	Tetratricopeptide repeat (TPR)-like superfamily protein	thylakoid-peripheral-lumenal-side
AT5G53580.1	NAD(P)-linked oxidoreductase superfamily protein	plastid
AT5G53860.1	embryo defective 2737	plastid
AT5G53860.2	embryo defective 2737	plastid
AT5G53860.3	embryo defective 2737	plastid
AT5G53860.4	embryo defective 2737	plastid
AT5G53860.5	embryo defective 2737	plastid
AT5G54090.1	DNA mismatch repair protein MutS%2C type 2	plastid
AT5G54180.1	plastid transcriptionally active 15	plastid nucleoid
AT5G54190.1	protochlorophyllide oxidoreductase A	thylakoid-peripheral-stromal-side
AT5G54190.2	protochlorophyllide oxidoreductase A	thylakoid-peripheral-stromal-side
AT5G54270.1	light-harvesting chlorophyll B-binding protein 3	thylakoid-integral
AT5G54290.1	cytochrome c biogenesis protein family	thylakoid-integral
AT5G54290.2	cytochrome c biogenesis protein family	thylakoid-integral
AT5G54600.1	Translation protein SH3-like family protein	plastid ribosome
AT5G54600.2	Translation protein SH3-like family protein	plastid ribosome
AT5G54770.1	thiazole biosynthetic enzyme%2C chloroplast (ARA6) (THI1) (THI4)	mitochondria; plastid stroma
AT5G54800.1	glucose 6-phosphate/phosphate translocator 1	envelope-inner-integral; peroxisome
AT5G54810.1	tryptophan synthase beta-subunit 1	plastid
AT5G55220.1	trigger factor type chaperone family protein	plastid stroma
AT5G55280.1	homolog of bacterial cytokinesis Z-ring protein FTSZ 1-1	plastid stroma
AT5G55510.1	Mitochondrial import inner membrane translocase subunit Tim17/Tim22/Tim23 family protein	envelope-outer
AT5G55580.1	Mitochondrial transcription termination factor family protein	plastid
AT5G55710.1	TIC 20-v-like protein	envelope-inner-integral
AT5G55740.1	Tetratricopeptide repeat (TPR)-like superfamily protein	plastid
AT5G56500.1	TCP-1/cpn60 chaperonin family protein	plastid stroma
AT5G56500.2	TCP-1/cpn60 chaperonin family protein	plastid stroma
AT5G56730.1	Insulinase (Peptidase family M16) protein	plastid
AT5G57030.1	Lycopene beta/epsilon cyclase protein	plastid
AT5G57040.1	Lactoylglutathione lyase / glyoxalase I family protein	plastid
AT5G57850.1	D-aminoacid aminotransferase-like PLP-dependent enzymes superfamily protein	plastid stroma
AT5G57930.1	APO RNA-binding protein (DUF794)	plastid
AT5G57930.2	APO RNA-binding protein (DUF794)	plastid
AT5G57960.1	GTP-binding protein%2C HflX	plastid stroma
AT5G58250.1	YCF54	plastid
AT5G58260.1	oxidoreductases%2C acting on NADH or NADPH%2C quinone or similar compound as acceptor	thylakoid
AT5G58260.2	oxidoreductases%2C acting on NADH or NADPH%2C quinone or similar compound as acceptor	thylakoid
AT5G58330.1	lactate/malate dehydrogenase family protein	plastid stroma
AT5G58330.2	lactate/malate dehydrogenase family protein	plastid stroma
AT5G58330.3	lactate/malate dehydrogenase family protein	plastid stroma
AT5G58370.1	P-loop containing nucleoside triphosphate hydrolases superfamily protein	plastid
AT5G58370.2	P-loop containing nucleoside triphosphate hydrolases superfamily protein	plastid
AT5G58770.1	Undecaprenyl pyrophosphate synthetase family protein	plastid stroma
AT5G58870.1	FTSH protease 9	plastid
AT5G59200.1	Tetratricopeptide repeat (TPR)-like superfamily protein	plastid
AT5G59250.1	Major facilitator superfamily protein	envelope-inner-integral
AT5G59750.1	monofunctional riboflavin biosynthesis protein RIBA 3	plastid stroma
AT5G59750.2	monofunctional riboflavin biosynthesis protein RIBA 3	plastid stroma
AT5G60600.1	4-hydroxy-3-methylbut-2-enyl diphosphate synthase	plastid stroma; thylakoid-peripheral-stromal-side
AT5G60600.2	4-hydroxy-3-methylbut-2-enyl diphosphate synthase	plastid stroma; thylakoid-peripheral-stromal-side
AT5G60600.3	4-hydroxy-3-methylbut-2-enyl diphosphate synthase	thylakoid-peripheral-stromal-side
AT5G60750.1	CAAX amino terminal protease family protein	plastid
AT5G61410.1	D-ribulose-5-phosphate-3-epimerase	plastid stroma
AT5G61410.2	D-ribulose-5-phosphate-3-epimerase	plastid stroma
AT5G61440.1	atypical CYS HIS rich thioredoxin 5	plastid
AT5G61580.1	phosphofructokinase 4	plastid stroma
AT5G61580.2	phosphofructokinase 4	plastid stroma
AT5G61670.1	orange protein	nucleus; plastid
AT5G61670.2	orange protein	nucleus; plastid
AT5G62140.1	ATP-dependent Clp protease ATP-binding subunit	plastid
AT5G62720.1	Integral membrane HPP family protein	envelope-inner-integral
AT5G62720.2	Integral membrane HPP family protein	envelope-inner-integral
AT5G62790.1	1-deoxy-D-xylulose 5-phosphate reductoisomerase	plastid stroma
AT5G62790.2	1-deoxy-D-xylulose 5-phosphate reductoisomerase	plastid stroma
AT5G63040.1	transmembrane protein	plastid
AT5G63040.2	transmembrane protein	plastid
AT5G63060.1	Sec14p-like phosphatidylinositol transfer family protein	plastid
AT5G63100.1	S-adenosyl-L-methionine-dependent methyltransferases superfamily protein	plastid stroma
AT5G63310.1	nucleoside diphosphate kinase 2	plastid stroma
AT5G63420.1	RNA-metabolising metallo-beta-lactamase family protein	plastid stroma
AT5G63570.1	glutamate-1-semialdehyde-2%2C1-aminomutase	plastid stroma
AT5G63890.1	histidinol dehydrogenase	plastid stroma
AT5G63890.2	histidinol dehydrogenase	plastid stroma
AT5G63980.1	SAL1 phosphatase-like protein	plastid stroma
AT5G64040.1	photosystem I reaction center subunit PSI-N%2C chloroplast%2C putative / PSI-N%2C putative (PSAN)	thylakoid-peripheral-lumenal-side
AT5G64040.2	photosystem I reaction center subunit PSI-N%2C chloroplast%2C putative / PSI-N%2C putative (PSAN)	thylakoid-peripheral-lumenal-side
AT5G64050.1	glutamate tRNA synthetase	mitochondria; plastid stroma
AT5G64280.1	dicarboxylate transporter 2.2	envelope
AT5G64290.1	dicarboxylate transport 2.1	envelope-inner-integral
AT5G64300.1	GTP cyclohydrolase II	plastid stroma
AT5G64380.1	Inositol monophosphatase family protein	plastid stroma
AT5G64580.1	AAA-type ATPase family protein	plastid
AT5G64840.1	general control non-repressible 5	plastid
AT5G64860.1	disproportionating enzyme	plastid
AT5G64940.1	ABC2 homolog 13	envelope-inner-integral
AT5G64940.2	ABC2 homolog 13	envelope-inner-integral
AT5G65220.1	Ribosomal L29 family protein	plastid ribosome
AT5G65250.1	transmembrane protein	plastid
AT5G65620.1	Zincin-like metalloproteases family protein	mitochondria; plastid stroma
AT5G65685.1	UDP-Glycosyltransferase superfamily protein	plastid
AT5G65685.2	UDP-Glycosyltransferase superfamily protein	plastid
AT5G65780.1	branched-chain amino acid aminotransferase 5 / branched-chain amino acid transaminase 5 (BCAT5)	plastid
AT5G65780.2	branched-chain amino acid aminotransferase 5 / branched-chain amino acid transaminase 5 (BCAT5)	plastid
AT5G65840.1	Thioredoxin superfamily protein	plastid stroma
AT5G66040.1	sulfurtransferase protein 16	plastid
AT5G66040.2	sulfurtransferase protein 16	plastid
AT5G66050.1	Wound-responsive family protein	plastid
AT5G66050.2	Wound-responsive family protein	plastid
AT5G66055.1	ankyrin repeat protein	plastid stroma
AT5G66055.2	ankyrin repeat protein	plastid stroma
AT5G66090.1	cell wall integrity/stress response component	plastid stroma
AT5G66120.1	3-dehydroquinate synthase	plastid stroma
AT5G66120.2	3-dehydroquinate synthase	plastid stroma
AT5G66190.1	ferredoxin-NADP[+]-oxidoreductase 1	thylakoid-peripheral-stromal-side
AT5G66190.2	ferredoxin-NADP[+]-oxidoreductase 1	thylakoid-peripheral-stromal-side
AT5G66380.1	folate transporter 1	envelope
AT5G66470.1	GTP-binding protein Era-like protein	plastid stroma
AT5G66530.1	Galactose mutarotase-like superfamily protein	plastid stroma
AT5G66530.2	Galactose mutarotase-like superfamily protein	plastid stroma
AT5G66550.1	Maf-like protein	plastid
AT5G66570.1	PS II oxygen-evolving complex 1	thylakoid-peripheral-lumenal-side
AT5G66720.1	Protein phosphatase 2C family protein	plastid stroma
AT5G66720.2	Protein phosphatase 2C family protein	plastid stroma
AT5G67030.1	zeaxanthin epoxidase (ZEP) (ABA1)	plastid stroma; thylakoid-peripheral-stromal-side
AT5G67030.2	zeaxanthin epoxidase (ZEP) (ABA1)	thylakoid-integral
AT5G67290.1	FAD-dependent oxidoreductase family protein	plastid
AT5G67370.1	DUF1230 family protein (DUF1230)	plastid
AT5G67520.1	adenosine-5'-phosphosulfate (APS) kinase 4	plastid
AT5G67570.1	Tetratricopeptide repeat (TPR)-like superfamily protein	plastid
ATCG00020.1	photosystem II reaction center protein A	thylakoid-integral
ATCG00040.1	maturase K	plastid stroma
ATCG00050.1	ribosomal protein S16	plastid ribosome
ATCG00065.1	ribosomal protein S12A	plastid ribosome
ATCG00070.1	photosystem II reaction center protein K precursor	thylakoid-integral
ATCG00080.1	photosystem II reaction center protein I	thylakoid-integral
ATCG00120.1	ATP synthase subunit alpha	thylakoid-peripheral-stromal-side
ATCG00130.1	ATPase%2C F0 complex%2C subunit B/B'%2C bacterial/chloroplast	thylakoid-integral
ATCG00140.1	ATP synthase subunit C family protein	thylakoid-integral
ATCG00150.1	ATPase%2C F0 complex%2C subunit A protein	thylakoid-integral
ATCG00160.1	ribosomal protein S2	plastid ribosome
ATCG00170.1	DNA-directed RNA polymerase family protein	plastid nucleoid
ATCG00180.1	DNA-directed RNA polymerase family protein	plastid nucleoid
ATCG00190.1	RNA polymerase subunit beta	plastid nucleoid
ATCG00210.1	electron transporter%2C transferring electrons within cytochrome b6/f complex of photosystem II	thylakoid-integral
ATCG00220.1	photosystem II reaction center protein M	thylakoid-integral
ATCG00270.1	photosystem II reaction center protein D	thylakoid-integral
ATCG00280.1	photosystem II reaction center protein C	thylakoid-integral
ATCG00300.1	YCF9	thylakoid-integral
ATCG00330.1	chloroplast ribosomal protein S14	plastid ribosome
ATCG00340.1	Photosystem I%2C PsaA/PsaB protein	thylakoid-integral
ATCG00350.1	Photosystem I%2C PsaA/PsaB protein	thylakoid-integral
ATCG00360.1	photosystem I assembly protein	thylakoid-peripheral-stromal-side
ATCG00380.1	chloroplast ribosomal protein S4	plastid ribosome
ATCG00420.1	NADH dehydrogenase subunit J	thylakoid
ATCG00430.1	photosystem II reaction center protein G	thylakoid
ATCG00440.1	NADH:ubiquinone/plastoquinone oxidoreductase%2C chain 3 protein	thylakoid-integral
ATCG00470.1	ATP synthase epsilon chain	thylakoid-peripheral-stromal-side
ATCG00480.1	ATP synthase subunit beta	thylakoid-peripheral-stromal-side
ATCG00490.1	ribulose-bisphosphate carboxylase	plastid stroma
ATCG00500.1	acetyl-CoA carboxylase carboxyl transferase subunit beta	plastid stroma
ATCG00510.1	photsystem I subunit I	thylakoid-integral
ATCG00520.1	unfolded protein binding protein	plastid stroma
ATCG00530.1	CemA-like proton extrusion protein-like protein	envelope-inner
ATCG00540.1	photosynthetic electron transfer A	thylakoid-integral
ATCG00550.1	photosystem II reaction center protein J	thylakoid-integral
ATCG00560.1	photosystem II reaction center protein L	thylakoid-integral
ATCG00570.1	photosystem II reaction center protein F	thylakoid-integral
ATCG00580.1	photosystem II reaction center protein E	thylakoid-integral
ATCG00590.1	electron carrier	thylakoid-integral
ATCG00600.1	PETG	thylakoid-integral
ATCG00630.1	PSAJ	thylakoid-integral
ATCG00640.1	ribosomal protein L33	plastid ribosome
ATCG00650.1	ribosomal protein S18	plastid ribosome
ATCG00660.1	ribosomal protein L20	plastid ribosome
ATCG00670.1	plastid-encoded CLP P	plastid stroma
ATCG00680.1	photosystem II reaction center protein B	thylakoid-integral
ATCG00690.1	photosystem II reaction center protein T	thylakoid-integral
ATCG00700.1	photosystem II reaction center protein N	thylakoid-integral
ATCG00710.1	photosystem II reaction center protein H	thylakoid-integral
ATCG00720.1	photosynthetic electron transfer B	thylakoid-integral
ATCG00730.1	photosynthetic electron transfer D	thylakoid-integral
ATCG00740.1	RNA polymerase subunit alpha	plastid nucleoid
ATCG00750.1	ribosomal protein S11	plastid ribosome
ATCG00760.1	ribosomal protein L36	plastid ribosome
ATCG00770.1	ribosomal protein S8	plastid ribosome
ATCG00780.1	ribosomal protein L14	plastid ribosome
ATCG00790.1	ribosomal protein L16	plastid ribosome
ATCG00800.1	structural constituent of ribosome	plastid ribosome
ATCG00810.1	ribosomal protein L22	plastid ribosome
ATCG00820.1	ribosomal protein S19	plastid ribosome
ATCG00830.1	ribosomal protein L2	plastid ribosome
ATCG00840.1	ribosomal protein L23.1	plastid ribosome
ATCG00860.1	Chloroplast Ycf2%3BATPase%2C AAA type%2C core	envelope-inner-peripheral-stromal-side
ATCG00870.1	Protein precursor Ycf15%2C putative%2C chloroplast	plastid stroma
ATCG00890.1	NADH-Ubiquinone/plastoquinone (complex I) protein	thylakoid-integral
ATCG00900.1	Ribosomal protein S7p/S5e family protein	plastid ribosome
ATCG00905.1	ribosomal protein S12C	plastid ribosome
ATCG01000.1	Ycf1 protein	envelope-inner-integral
ATCG01010.1	NADH-Ubiquinone oxidoreductase (complex I)%2C chain 5 protein	thylakoid-peripheral-stromal-side
ATCG01020.1	ribosomal protein L32	plastid ribosome
ATCG01040.1	Cytochrome C assembly protein	thylakoid-peripheral-lumenal-side
ATCG01050.1	NADH-plastoquinone oxidoreductase subunit	thylakoid
ATCG01060.1	iron-sulfur cluster binding%3Belectron carriers%3B4 iron%2C 4 sulfur cluster binding protein	thylakoid-peripheral-stromal-side
ATCG01070.1	NADH-ubiquinone/plastoquinone oxidoreductase chain 4L	thylakoid-integral
ATCG01080.1	NADH:ubiquinone/plastoquinone oxidoreductase%2C chain 6	plastid
ATCG01090.1	NADPH dehydrogenase	thylakoid-peripheral-stromal-side
ATCG01100.1	NADH dehydrogenase family protein	thylakoid-integral
ATCG01110.1	NAD(P)H dehydrogenase subunit H	thylakoid
ATCG01120.1	chloroplast ribosomal protein S15	plastid ribosome
ATCG01130.1	Ycf1 protein	envelope-inner-integral
ATCG01230.1	ribosomal protein S12B	plastid ribosome
ATCG01240.1	ribosomal protein S7	plastid ribosome
ATCG01250.1	NADH-quinone oxidoreductase protein	thylakoid-integral
ATCG01270.1	Protein precursor Ycf15%2C putative%2C chloroplast	plastid stroma
ATCG01280.1	Chloroplast Ycf2%3BATPase%2C AAA type%2C core	envelope-inner-peripheral-stromal-side
ATCG01300.1	ribosomal protein L23	plastid ribosome
ATCG01310.1	ribosomal protein L2	plastid ribosome